year,na_number,na_value,na_name,winner,winner_party,runnerup,runnerup_party,victory_margin,turn_out,winner_party_cat,runnerup_party_cat,streak3_flag,streak2_flag
2013,NA-1,1,NA-1 (PESHAWAR-I),Alhaj Ghulam Ahmad Bilour,Awami National Party,Gul Badshah,Pakistan Tehreek-e-Insaf,7.549537375,22.96,Other,Pakistan Tehreek-e-Insaf,0,1
2013,NA-2,2,NA-2 (PESHAWAR-II),Hamid Ul Haq,Pakistan Tehreek-e-Insaf,Muhammad Saeed Jan,Jamiat Ulama-e-Islam (F),43.2149431,43.45,Pakistan Tehreek-e-Insaf,Jamiat Ulama-e-Islam (F),0,0
2013,NA-3,3,NA-3 (PESHAWAR-III),Sajid Nawaz,Pakistan Tehreek-e-Insaf,Haji Ghulam Ali,Jamiat Ulama-e-Islam (F),22.3365228,46.3,Pakistan Tehreek-e-Insaf,Jamiat Ulama-e-Islam (F),0,0
2013,NA-4,4,NA-4 (PESHAWAR-IV),GULZAR KHAN,Pakistan Tehreek-e-Insaf,NASIR KHAN MOSAZAI,Pakistan Muslim League (N),25.07854651,40.34,Pakistan Tehreek-e-Insaf,Pakistan Muslim League (N),0,0
2013,NA-5,5,NA-5 (NOWSHERA-I),Imran Khattak,Pakistan Tehreek-e-Insaf,Muhammad Daud Khan Khattak,Awami National Party,25.92859947,0.24623996,Pakistan Tehreek-e-Insaf,Other,0,0
2013,NA-6,6,NA-6 (NOWSHERA-II),Siraj Muhammad Khan,Pakistan Tehreek-e-Insaf,Syed Zulfiqar Ali Shah,Pakistan Muslim League (N),14.52092503,47.08,Pakistan Tehreek-e-Insaf,Pakistan Muslim League (N),0,0
2013,NA-7,7,NA-7 (CHARSADDA-I),Maulana Muhammad Gohar Shah,Jamiat Ulama-e-Islam (F),Fazal Muhammad Khan,Pakistan Tehreek-e-Insaf,7.914385266,46.22,Jamiat Ulama-e-Islam (F),Pakistan Tehreek-e-Insaf,0,0
2013,NA-8,8,NA-8 (CHARSADDA-II),Aftab Ahmad Khan Sherpao,Qaumi Watan Party (Sherpao),Musammir Shah,Jamiat Ulama-e-Islam (F),2.309325847,43.63,Other,Jamiat Ulama-e-Islam (F),0,0
2013,NA-9,9,NA-9 (MARDAN-I),Amir Haider Khan,Awami National Party,Nasir Khan,Pakistan Tehreek-e-Insaf,1.824026364,45.12,Other,Pakistan Tehreek-e-Insaf,0,1
2013,NA-10,10,NA-10 (MARDAN-II),Ali Muhammad Khan,Pakistan Tehreek-e-Insaf,Mualana Muhammad Qasim,Jamiat Ulama-e-Islam (F),4.639870171,51,Pakistan Tehreek-e-Insaf,Jamiat Ulama-e-Islam (F),0,0
2013,NA-11,11,NA-11 (MARDAN-III),Mujahid Ali,Pakistan Tehreek-e-Insaf,Khanzada Khan,Pakistan Peoples Party Parliamentarians,8.548721284,42,Pakistan Tehreek-e-Insaf,Pakistan Peoples Party Parliamentarians,0,0
2013,NA-12,12,NA-12 (SWABI-I),Engineer Usman Khan Tarrakai,Awami Jamhuri Ittehad Pakistan,Haji Rehmanullah,Awami National Party,12.73788798,44.12,Other,Other,0,0
2013,NA-13,13,NA-13 (SWABI-II),Aqibullah,Pakistan Tehreek-e-Insaf,Attaul Haq,Jamiat Ulama-e-Islam (F),13.90877918,22.12,Pakistan Tehreek-e-Insaf,Jamiat Ulama-e-Islam (F),0,0
2013,NA-14,14,NA-14 (KOHAT),Shehryar Afridi,Pakistan Tehreek-e-Insaf,Gohar Mohammad Khan Bangesh,Jamiat Ulama-e-Islam (F),21.31449631,42.68,Pakistan Tehreek-e-Insaf,Jamiat Ulama-e-Islam (F),0,0
2013,NA-15,15,NA-15 (KARAK),Nasir Khan Khattak,Pakistan Tehreek-e-Insaf,Rehmat Salam Khattak,Pakistan Muslim League (N),13.68036218,51.64,Pakistan Tehreek-e-Insaf,Pakistan Muslim League (N),0,0
2013,NA-16,16,NA-16 (HANGU),Khial Zaman Aurak Zai,Pakistan Tehreek-e-Insaf,Maulana Mian Hussain Jalali,Jamiat Ulama-e-Islam (F),4.61540885,30.81,Pakistan Tehreek-e-Insaf,Jamiat Ulama-e-Islam (F),0,0
2013,NA-17,17,NA-17 (ABBOTTABAD-I),Dr Muhammad Azhar Khan Jadoon,Pakistan Tehreek-e-Insaf,Sardar Mehtab Ahmed Khan,Pakistan Muslim League (N),14.33663409,56.48,Pakistan Tehreek-e-Insaf,Pakistan Muslim League (N),0,0
2013,NA-18,18,NA-18 (ABBOTTABAD-II),Murtaza Javed Abbasi,Pakistan Muslim League (N),Sardar Muhammad Yaqoob,Pakistan Tehreek-e-Insaf,15.76590556,55.57,Pakistan Muslim League (N),Pakistan Tehreek-e-Insaf,0,1
2013,NA-19,19,NA-19 (HARIPUR),Omar Ayub Khan,Pakistan Muslim League (N),Raja Aamer Zaman,Pakistan Tehreek-e-Insaf,0.189544397,55.55,Pakistan Muslim League (N),Pakistan Tehreek-e-Insaf,0,1
2013,NA-20,20,NA-20 (MANSEHRA-I),Sardar Muhammad Yousaf,Pakistan Muslim League (N),Muhammad Azam Khan Swati,Pakistan Tehreek-e-Insaf,14.33483084,54.6,Pakistan Muslim League (N),Pakistan Tehreek-e-Insaf,0,0
2013,NA-21,21,NA-21 (Tor Ghar cum Mansehra-II),Capt R Muhammad Safdar,Pakistan Muslim League (N),Liaq Muhammad Khan,Jamiat Ulama-e-Islam (F),27.81093395,45.13,Pakistan Muslim League (N),Jamiat Ulama-e-Islam (F),0,0
2013,NA-22,22,NA-22 (BATTAGRAM),Qari Mohammad Yousif,Jamiat Ulama-e-Islam (F),Mohammad Nawaz Khan,Independent,7.835399419,35.78,Jamiat Ulama-e-Islam (F),Independent,0,0
2013,NA-23,23,NA-23 (KOHISTAN),Sarzameen,Independent,Mehboobullah Jan Baqi,Jamiat Ulama-e-Islam (F),10.30160283,40.24,Independent,Jamiat Ulama-e-Islam (F),0,1
2013,NA-24,24,NA-24 (DERA ISMAIL KHAN),Molana Fazal Ur Rehman,Jamiat Ulama-e-Islam (F),Waqar Ahmad Khan,Pakistan Peoples Party Parliamentarians,11.78232412,56.14,Jamiat Ulama-e-Islam (F),Pakistan Peoples Party Parliamentarians,0,0
2013,NA-25,25,NA-25 (D.I.KHAN-CUM-TANK),Engineer Dawar Khan Kundi,Pakistan Tehreek-e-Insaf,Asad Mehmood,Jamiat Ulama-e-Islam (F),5.346086957,0.39191042,Pakistan Tehreek-e-Insaf,Jamiat Ulama-e-Islam (F),0,0
2013,NA-26,26,NA-26 (BANNU),Akram Khan Durrani,Jamiat Ulama-e-Islam (F),Maulana Nasim Ali Shah,Independent,19.20535964,39,Jamiat Ulama-e-Islam (F),Independent,0,0
2013,NA-27,27,NA-27 (LAKKI MARWAT),Amirullah,Pakistan Tehreek-e-Insaf,Atta Ur Rehman,Jamiat Ulama-e-Islam (F),5.676379619,0.37126686,Pakistan Tehreek-e-Insaf,Jamiat Ulama-e-Islam (F),0,0
2013,NA-28,28,NA-28 (BUNER),Sher Akbar Khan,Jamaat-e-Islami Pakistan,Mian Moin Uddin,Pakistan Tehreek-e-Insaf,4.818819331,35.07,Other,Pakistan Tehreek-e-Insaf,0,0
2013,NA-29,29,NA-29 (SWAT-I),MURAD SAEED,Pakistan Tehreek-e-Insaf,SYED MUHAMMAD ALI SHAH BACHA LALA,Pakistan Muslim League (N),36.11157911,35.37,Pakistan Tehreek-e-Insaf,Pakistan Muslim League (N),0,0
2013,NA-30,30,NA-30 (SWAT-II),Salim Rehman,Pakistan Tehreek-e-Insaf,Amir Muqam,Pakistan Muslim League (N),10.72063354,35.88,Pakistan Tehreek-e-Insaf,Pakistan Muslim League (N),0,0
2013,NA-31,31,NA-31 (SHANGLA),IBADULLAH,Pakistan Muslim League (N),SADID UR RAHMAN,Awami National Party,10.27312677,31.67,Pakistan Muslim League (N),Other,0,0
2013,NA-32,32,NA-32 (CHITRAL),Iftikhar ud Din,All Pakistan Muslim League,Abdul Latif,Pakistan Tehreek-e-Insaf,4.473932739,63.66,Other,Pakistan Tehreek-e-Insaf,0,0
2013,NA-33,33,NA-33 (UPPER DIR-CUM-LOWER DIN (OLD UPPER DIR)),Sahibzada Tariq Ullah,Jamaat-e-Islami Pakistan,Najam ud Din Khan,Pakistan Peoples Party Parliamentarians,13.85106962,32.14,Other,Pakistan Peoples Party Parliamentarians,0,0
2013,NA-34,34,NA-34 (LOWER DIR),Shahib Zada Muhammad Yaqub,Jamaat-e-Islami Pakistan,Muhammad Bashir Khan,Pakistan Tehreek-e-Insaf,3.003058229,30.15,Other,Pakistan Tehreek-e-Insaf,0,0
2013,NA-35,35,NA-35 (MALAKAND P AREA),Junaid Akbar,Pakistan Tehreek-e-Insaf,Hafiz Muhammad Saeed,Jamiat Ulama-e-Islam (F),20.91125541,45.95,Pakistan Tehreek-e-Insaf,Jamiat Ulama-e-Islam (F),0,0
2013,NA-36,36,NA-36 (TRIBAL AREA-I),Bilal Rehman,Independent,Muhammad Saeed khan,Jamaat-e-Islami Pakistan,6.324386518,29.92,Independent,Other,1,0
2013,NA-37,37,NA-37 (TRIBAL AREA-II),Mr. Sajid Hussain Turi,Independent,Sayed Qaisar Hussain,Independent,0.958857459,58.09,Independent,Independent,1,0
2013,NA-38,38,NA-38 Tribal Area-III,,,,,,,,,0,0
2013,NA-39,39,NA-39 (TRIBAL AREA-IV),Syed Ghazi Gulab Jamal,Independent,Jawad Hussain,Pakistan Peoples Party Parliamentarians,0.411747406,38.05,Independent,Pakistan Peoples Party Parliamentarians,1,0
2013,NA-40,40,NA-40 (TRIBAL AREA-V),Muhammad Nazir Khan,Independent,Aurangzeb Khan,Independent,4.228858947,48.52,Independent,Independent,1,0
2013,NA-41,41,NA-41 (TRIBAL AREA-VI),Ghalib Khan,Pakistan Muslim League (N),Muhammad Ali,Independent,1.01705774,0.412,Pakistan Muslim League (N),Independent,0,0
2013,NA-42,42,NA-42 (TRIBAL AREA-VII),Muhammad Jamal ud Din,Jamiat Ulama-e-Islam (F),Qayyum Sher Mahsud,Independent,3.268558419,11.57,Jamiat Ulama-e-Islam (F),Independent,0,0
2013,NA-43,43,NA-43 (TRIBAL AREA-VIII),Bismillah Khan,Independent,Sahib Zada Haroon Ur Raheed,Jamaat-e-Islami Pakistan,9.153328803,26.14,Independent,Other,1,0
2013,NA-44,44,NA-44 (TRIBAL AREA-IX),Shahab Ud Din Khan,Pakistan Muslim League (N),Sardar Khan,Jamaat-e-Islami Pakistan,5.371123799,3243,Pakistan Muslim League (N),Other,0,0
2013,NA-45,45,NA-45 (TRIBAL AREA-X),Alhaj Shah Jee Gul Afridi,Independent,Pir Noor ul Haq Qadri,Independent,13.81914291,39.92,Independent,Independent,1,0
2013,NA-46,46,NA-46 (TRIBAL AREA-XI),Nasir Khan,Independent,Muhammad Iqbal Khan,Pakistan Tehreek-e-Insaf,3.290719697,0,Independent,Pakistan Tehreek-e-Insaf,1,0
2013,NA-47,47,NA-47 (TRIBAL AREA-XII),Qaisar Jamal,Pakistan Tehreek-e-Insaf,Mufti Abdul Shakoor,Jamiat Ulama-e-Islam (F),2.278056951,39.76,Pakistan Tehreek-e-Insaf,Jamiat Ulama-e-Islam (F),0,0
2013,NA-48,48,NA-48 (ISLAMABAD-I),Asad Umar,Pakistan Tehreek-e-Insaf,Chaudhary Muhammad Ashraf Gujjar,Pakistan Muslim League (N),7.307239334,32.11,Pakistan Tehreek-e-Insaf,Pakistan Muslim League (N),0,0
2013,NA-49,49,NA-49 (ISLAMABAD-II),Dr. Tariq Fazal Chudhary,Pakistan Muslim League (N),Chudhary Ilyas Meharban,Pakistan Tehreek-e-Insaf,17.11214248,64.36,Pakistan Muslim League (N),Pakistan Tehreek-e-Insaf,0,1
2013,NA-50,50,NA-50 (RAWALPINDI-I),SHAHID KHAQAN ABBASI,Pakistan Muslim League (N),SADAQAT ALI ABBASI,Pakistan Tehreek-e-Insaf,35.55099995,57.1,Pakistan Muslim League (N),Pakistan Tehreek-e-Insaf,0,1
2013,NA-51,51,NA-51 (RAWALPINDI-II),RAJA MUHAMMAD JAVED IKHLAS,Pakistan Muslim League (N),RAJA PARVAIZ ASHRAF,Pakistan Peoples Party Parliamentarians,22.51144965,54.22,Pakistan Muslim League (N),Pakistan Peoples Party Parliamentarians,0,0
2013,NA-52,52,NA-52 (RAWALPINDI-III),CH NISAR ALI KHAN,Pakistan Muslim League (N),LT COL R AJMAL SABIR RAJA,Pakistan Tehreek-e-Insaf,24.82315062,57.04,Pakistan Muslim League (N),Pakistan Tehreek-e-Insaf,1,0
2013,NA-53,53,NA-53 (RAWALPINDI-IV),Ghulam Sarwar khan,Pakistan Tehreek-e-Insaf,Chaudhary Nisar Ali Khan,Pakistan Muslim League (N),3.451235393,61.9,Pakistan Tehreek-e-Insaf,Pakistan Muslim League (N),0,0
2013,NA-54,54,NA-54 (RAWALPINDI-V),MALIK IBRAR AHMED,Pakistan Muslim League (N),HINA MANZOOR,Pakistan Tehreek-e-Insaf,4.643581307,55.36,Pakistan Muslim League (N),Pakistan Tehreek-e-Insaf,0,1
2013,NA-55,55,NA-55 (RAWALPINDI-VI),SHEIKH RASHID AHMED,Awami Muslim League Pakistan,MALIK SHAKEEL AHMED AWAN,Pakistan Muslim League (N),7.517197402,55.47,Other,Pakistan Muslim League (N),0,0
2013,NA-56,56,NA-56 (RAWALPINDI-VII),Imran Khan,Pakistan Tehreek-e-Insaf,Muhammad Hanif Abbasi,Pakistan Muslim League (N),8.339785698,56.04,Pakistan Tehreek-e-Insaf,Pakistan Muslim League (N),0,0
2013,NA-57,57,NA-57 (ATTOCK-I),Sheikh Aftab Ahmed,Pakistan Muslim League (N),Malik Ameen Aslam Khan,Pakistan Tehreek-e-Insaf,2.165971061,52.61,Pakistan Muslim League (N),Pakistan Tehreek-e-Insaf,0,1
2013,NA-58,58,NA-58 (ATTOCK-II),Malik Ihtebar Khan,Pakistan Muslim League (N),Malik Sohail Khan,Pakistan Tehreek-e-Insaf,4.893438282,83.09,Pakistan Muslim League (N),Pakistan Tehreek-e-Insaf,0,0
2013,NA-59,59,NA-59 (ATTOCK-III),Muhammad Zain Ellahi,Independent,Asif Ali Malik,Pakistan Muslim League (N),0.242561449,64,Independent,Pakistan Muslim League (N),0,0
2013,NA-60,60,NA-60 (CHAKWAL-I),Major Rtd Tahir Iqbal,Pakistan Muslim League (N),SARDAR GHULAM ABBAS,Independent,10.10923529,63,Pakistan Muslim League (N),Independent,0,1
2013,NA-61,61,NA-61 (CHAKWAL-II),SARDAR MUMTAZ KHAN,Pakistan Muslim League (N),CH PARVEZ ELAHI,Pakistan Muslim League (Q),5.668993734,61,Pakistan Muslim League (N),Other,0,0
2013,NA-62,62,NA-62 (JHELUM-I),Chaudhry Khadim Hussain,Pakistan Muslim League (N),Choudhry Muhammad Saqlain,Pakistan Tehreek-e-Insaf,18.70780641,55.69,Pakistan Muslim League (N),Pakistan Tehreek-e-Insaf,0,1
2013,NA-63,63,NA-63 (JHELUM-II),MALIK IQBAL MEHDI KHAN,Pakistan Muslim League (N),MIRZA SAEED MEHMOOD BAIG,Pakistan Tehreek-e-Insaf,36.0708725,53.87,Pakistan Muslim League (N),Pakistan Tehreek-e-Insaf,1,0
2013,NA-64,64,NA-64 (SARGODHA-I),Pir Muhammad Amin ul Hasnat Shah,Pakistan Muslim League (N),Nadeem Afzal Gondal,Pakistan Peoples Party Parliamentarians,34.87987052,60.48,Pakistan Muslim League (N),Pakistan Peoples Party Parliamentarians,0,0
2013,NA-65,65,NA-65 (SARGODHA-II),MOHSIN SHAH NAWAZ RANJHA,Pakistan Muslim League (N),GHIAS AHMAD MELA,Pakistan Muslim League (Q),21.75453209,62.3,Pakistan Muslim League (N),Other,0,0
2013,NA-66,66,NA-66 (SARGODHA-III),Chudhary Hamid Hameed,Pakistan Muslim League (N),Barrister Abdullah Mumtaz Kahloon,Pakistan Tehreek-e-Insaf,45.78585113,56.83,Pakistan Muslim League (N),Pakistan Tehreek-e-Insaf,0,0
2013,NA-67,67,NA-67 (SARGODHA-IV),Dr. Zulfiqar Ali Bhatti,Pakistan Muslim League (N),Ch Anwar Ali Cheema,Pakistan Muslim League (Q),5.349092958,63.02,Pakistan Muslim League (N),Other,0,0
2013,NA-68,68,NA-68 (SARGODHA-V),Sardar Muhammad Shafqat Hayat Khan,Pakistan Muslim League (N),Javaid Hasnain Shah,Independent,16.32674037,43,Pakistan Muslim League (N),Independent,0,1
2013,NA-69,69,NA-69 (KHUSHAB-I),Muhammad Uzair Khan,Pakistan Muslim League (N),Umar Aslam Khan,Pakistan Tehreek-e-Insaf,9.95983033,49.9,Pakistan Muslim League (N),Pakistan Tehreek-e-Insaf,0,0
2013,NA-70,70,NA-70 (KHUSHAB-II),MALIK SHAKIR BASHIR AWAN,Pakistan Muslim League (N),SARDAR SHUJJA MUHAMMAD KHAN,Independent,14.24290947,62.64,Pakistan Muslim League (N),Independent,0,0
2013,NA-71,71,NA-71 (MIANWALI-I),Obaid ullah Shadi Khel,Pakistan Muslim League (N),Malik Waheed Khan,Pakistan Tehreek-e-Insaf,10.63246097,45.96,Pakistan Muslim League (N),Pakistan Tehreek-e-Insaf,0,0
2013,NA-72,72,NA-72 (MIANWALI-II),Amjid Ali Khan,Pakistan Tehreek-e-Insaf,Humair Hayat Khan Rokhari,Pakistan Muslim League (N),26.08129769,63.69,Pakistan Tehreek-e-Insaf,Pakistan Muslim League (N),0,0
2013,NA-73,73,NA-73 (BHAKKAR-I),ABDUL MAJEED KHAN,Pakistan Muslim League (N),MUHAMMAD SANA ULLAH KHAN MASTI KHAIL,Independent,3.053561874,68.31,Pakistan Muslim League (N),Independent,0,0
2013,NA-74,74,NA-74 (BHAKKAR-II),Dr Muhammad Afzal Khan Dhandla,Independent,Ahmad Nawaz Khan,Independent,9.424161168,68.16,Independent,Independent,0,1
2013,NA-75,75,NA-75 (FAISALABAD-I),Ghulam Rasool Sahi,Pakistan Muslim League (N),Fawad Ahmad Cheema,Pakistan Tehreek-e-Insaf,41.79595578,61.54,Pakistan Muslim League (N),Pakistan Tehreek-e-Insaf,0,0
2013,NA-76,76,NA-76 (FAISALABAD-II),Muhammad Tallal Choudhary,Pakistan Muslim League (N),Malik Nawab Sher Wasseer,Pakistan Peoples Party Parliamentarians,35.63558865,58.21,Pakistan Muslim League (N),Pakistan Peoples Party Parliamentarians,0,0
2013,NA-77,77,NA-77 (FAISALABAD-III),Muhammad Asim Nazeer,Pakistan Muslim League (N),Zaheer ud din,Pakistan Muslim League (Q),22.51117641,61.48,Pakistan Muslim League (N),Other,0,0
2013,NA-78,78,NA-78 (FAISALABAD-IV),RAJAB ALI KHAN BALOCH,Pakistan Muslim League (N),MUHAMMAD SAFDAR SHAKIR,Independent,23.93806639,62.57,Pakistan Muslim League (N),Independent,0,0
2013,NA-79,79,NA-79 (FAISALABAD-V),CHOUDHRY MUHAMMAD SHAHBAZ BABAR,Pakistan Muslim League (N),KHALID ABDULLAH GHAZI,Pakistan Tehreek-e-Insaf,52.33445341,56.85,Pakistan Muslim League (N),Pakistan Tehreek-e-Insaf,0,0
2013,NA-80,80,NA-80 (FAISALABAD-VI),Mian Muhammad Farooq,Pakistan Muslim League (N),Rana Asif Touseef,Pakistan Muslim League (Q),21.02008961,59.92,Pakistan Muslim League (N),Other,0,0
2013,NA-81,81,NA-81 (FAISALABAD-VII),NISAR AHMAD,Pakistan Muslim League (N),SAEED IQBAL,Pakistan Peoples Party Parliamentarians,39.63673507,61.74,Pakistan Muslim League (N),Pakistan Peoples Party Parliamentarians,0,0
2013,NA-82,82,NA-82 (FAISALABAD-VIII),Rana Muhammad Afzal Khan,Pakistan Muslim League (N),Nisar Akbar Khan,Pakistan Tehreek-e-Insaf,44.90537411,59.12,Pakistan Muslim League (N),Pakistan Tehreek-e-Insaf,1,0
2013,NA-83,83,NA-83 (FAISALABAD-IX),Mian Abdul Manan,Pakistan Muslim League (N),Faiz Ullah Kamoka,Pakistan Tehreek-e-Insaf,10.82970264,25.67,Pakistan Muslim League (N),Pakistan Tehreek-e-Insaf,0,0
2013,NA-84,84,NA-84 (FAISALABAD-X),ABID ALI,Pakistan Muslim League (N),FARRUKH HABIB,Pakistan Tehreek-e-Insaf,33.73178683,59.84,Pakistan Muslim League (N),Pakistan Tehreek-e-Insaf,1,0
2013,NA-85,85,NA-85 (FAISALABAD-XI),HAJI MUHAMMAD AKRAM ANSARI,Pakistan Muslim League (N),BRIGADIER MUMTAZ IQBAL KAHLON,Pakistan Tehreek-e-Insaf,35.06353041,60.35,Pakistan Muslim League (N),Pakistan Tehreek-e-Insaf,1,0
2013,NA-86,86,NA-86 (Chiniot-I (Old NA-86 Jhang-I)),Qaiser Ahmad Sheikh,Pakistan Muslim League (N),Zulfiqar Ali Shah,Pakistan Peoples Party Parliamentarians,17.54669631,63.58,Pakistan Muslim League (N),Pakistan Peoples Party Parliamentarians,0,0
2013,NA-87,87,NA-87 (Chiniot-II Cum-Jhang (Old NA-88 Jhang-III)),Ghulam Muhammad Lali,Pakistan Muslim League (N),Makhdoom Syed Faisal Saleh Hayat,Independent,6.333639306,58.61,Pakistan Muslim League (N),Independent,0,0
2013,NA-88,88,NA-88 (Jhang- Cum-Chiniot (Old NA-87 Jhang-II)),GHULAM BIBI BHARWANA,Pakistan Muslim League (N),MAKHDOOM ZADA SYED ASAD HAYAT,Independent,10.54833686,64.54,Pakistan Muslim League (N),Independent,0,0
2013,NA-89,89,NA-89 (Jhang-I (Old NA-89 Jhang-IV)),Molana Muhammad Ahmad Ludhianvi,MUTAHIDA DEENI MAHAZ,Sheikh Waqar Ahmad Advocate,Pakistan Tehreek-e-Insaf,37.94654354,59,Other,Pakistan Tehreek-e-Insaf,0,0
2013,NA-90,90,NA-90 (Jhang-II (Old NA-90 Jhang-V)),SAHIBZADA MOHAMMAD NAZIR,Independent,SAIMA AKHTAR BHARWANA,Pakistan Muslim League (N),6.869083882,66.67,Independent,Pakistan Muslim League (N),1,0
2013,NA-91,91,NA-91 (Jhang-III(Old NA-91 Jhang-VI)),Najaf Abbas Sial,Independent,Muhammad Mehboob Sultan,Pakistan Muslim League (N),2.323992918,67.82,Independent,Pakistan Muslim League (N),0,0
2013,NA-92,92,NA-92 (TOBA TEK SINGH-I),CHAUDHRY KHALID JAVED WARRAICH,Pakistan Muslim League (N),USAMA HAMZA,Independent,14.21254741,60.7,Pakistan Muslim League (N),Independent,0,0
2013,NA-93,93,NA-93 (TOBA TEK SINGH-II),MUHAMMAD JUNAID ANWAAR CHAUDHRY,Pakistan Muslim League (N),CHAUDHRY MUHAMMAD ASHFAQ,Pakistan Tehreek-e-Insaf,9.955515412,64.4,Pakistan Muslim League (N),Pakistan Tehreek-e-Insaf,0,0
2013,NA-94,94,NA-94 (TOBA TEK SINGH-III),Ch Asad Ur Rehman,Pakistan Muslim League (N),Riaz Fatyana,Independent,15.40451523,63.8,Pakistan Muslim League (N),Independent,0,0
2013,NA-95,95,NA-95 (GUJRANWALA-I),USMAN IBRAHIM,Pakistan Muslim League (N),ALI ASHRAF,Pakistan Tehreek-e-Insaf,48.51480978,53.06,Pakistan Muslim League (N),Pakistan Tehreek-e-Insaf,0,1
2013,NA-96,96,NA-96 (GUJRANWALA-II),ENGR KHURRAM DASTGIR KHAN,Pakistan Muslim League (N),S A HAMEED,Pakistan Tehreek-e-Insaf,49.47516852,52,Pakistan Muslim League (N),Pakistan Tehreek-e-Insaf,0,0
2013,NA-97,97,NA-97 (GUJRANWALA-III),CHAUDHRY MAHMOOD BASHIR VIRK,Pakistan Muslim League (N),RANA NAEEM UR REHMAN KHAN,Pakistan Tehreek-e-Insaf,43.75963941,52.18,Pakistan Muslim League (N),Pakistan Tehreek-e-Insaf,0,1
2013,NA-98,98,NA-98 (GUJRANWALA-IV),Mian Tariq Mehmood,Pakistan Muslim League (N),Imtiaz Safdar Warraich,Pakistan Peoples Party Parliamentarians,40.64444345,56.88,Pakistan Muslim League (N),Pakistan Peoples Party Parliamentarians,0,0
2013,NA-99,99,NA-99 (GUJRANWALA-V),Rana Umer Nazir Khan,Pakistan Muslim League (N),Ch Zulifqar Bhindar,Pakistan Peoples Party Parliamentarians,34.85348992,56.25,Pakistan Muslim League (N),Pakistan Peoples Party Parliamentarians,0,1
2013,NA-100,100,NA-100 (GUJRANWALA-VI),Azhar Qayyum Nahra,Pakistan Muslim League (N),Ch Bilal Ijaz,Independent,10.86439555,64.14,Pakistan Muslim League (N),Independent,0,0
2013,NA-101,101,NA-101 (GUJRANWALA-VII),Justice R Iftikhar Ahmad Cheema,Pakistan Muslim League (N),Muhammad Ahmad Chatha,Pakistan Muslim League (J),19.8338436,57.85,Pakistan Muslim League (N),Other,0,1
2013,NA-102,102,NA-102 (HAFIZABAD-I),Saira Afzal Tarar,Pakistan Muslim League (N),Chaudhary Shaukat Ali Bhatti,Independent,15.09672188,62.21,Pakistan Muslim League (N),Independent,0,1
2013,NA-103,103,NA-103 (HAFIZABAD-II),Mian Shahid Hussain Khan Bhatti,Pakistan Muslim League (N),Choudary Shokat Ali Bhatti,Pakistan Tehreek-e-Insaf,7.543315479,57.1,Pakistan Muslim League (N),Pakistan Tehreek-e-Insaf,0,0
2013,NA-104,104,NA-104 (GUJRAT-I),NAWABZADA MAZHER ALI,Pakistan Muslim League (N),CH WAJAHAT HUSSAIN,Pakistan Muslim League (Q),1.943546045,54.99,Pakistan Muslim League (N),Other,0,0
2013,NA-105,105,NA-105 (GUJRAT-II),Ch. Pervaiz Ellahi,Pakistan Muslim League (Q),Ch. Mubashir hussain,Pakistan Muslim League (N),6.708564894,51.73,Other,Pakistan Muslim League (N),0,0
2013,NA-106,106,NA-106 (GUJRAT-III),Ch Jaffar Iqbal,Pakistan Muslim League (N),Syed Noor Ul Hassan Shah,Independent,12.51191633,53.91,Pakistan Muslim League (N),Independent,0,0
2013,NA-107,107,NA-107 (GUJRAT-IV),Ch. Abid Raza,Pakistan Muslim League (N),Ch. Muhammad Ilyas,Pakistan Tehreek-e-Insaf,16.02014553,53,Pakistan Muslim League (N),Pakistan Tehreek-e-Insaf,0,1
2013,NA-108,108,NA-108 (MANDI BAHAUDDIN-I),Muhammad Ijaz Ahmed Chaudhary,Independent,Mumtaz Ahmad Tarar,Pakistan Muslim League (N),4.689380768,57.6,Independent,Pakistan Muslim League (N),0,0
2013,NA-109,109,NA-109 (MANDI BAHAUDDIN-II),Nasar Iqbal Bosal,Pakistan Muslim League (N),Nazar Muhammad Gondal,Pakistan Peoples Party Parliamentarians,44.05962892,55.36,Pakistan Muslim League (N),Pakistan Peoples Party Parliamentarians,0,0
2013,NA-110,110,NA-110 (SIALKOT-I),Khawaja Muhammad Asif,Pakistan Muslim League (N),Muhammad Usman Dar,Pakistan Tehreek-e-Insaf,12.07510117,52.46,Pakistan Muslim League (N),Pakistan Tehreek-e-Insaf,1,0
2013,NA-111,111,NA-111 (SIALKOT-II),Chaudry Armaghan Subhani,Pakistan Muslim League (N),Dr Firdous Ashiq Awan,Pakistan Peoples Party Parliamentarians,38.91768245,56.89,Pakistan Muslim League (N),Pakistan Peoples Party Parliamentarians,0,0
2013,NA-112,112,NA-112 (SIALKOT-III),Rana Shamim Ahmed Khan,Pakistan Muslim League (N),Salman Saif Cheema,Pakistan Tehreek-e-Insaf,45.61142282,57.34,Pakistan Muslim League (N),Pakistan Tehreek-e-Insaf,0,1
2013,NA-113,113,NA-113 (SIALKOT-IV),Syed Iftikhar ul Hassan,Pakistan Muslim League (N),Mirza Abdul Qayyum,Pakistan Tehreek-e-Insaf,33.45421485,56.5,Pakistan Muslim League (N),Pakistan Tehreek-e-Insaf,0,1
2013,NA-114,114,NA-114 (SIALKOT-V),ZAHID HAMID,Pakistan Muslim League (N),ghulam abbas,Independent,43.94142023,57.05,Pakistan Muslim League (N),Independent,0,1
2013,NA-115,115,NA-115 (NAROWAL-I),MIAN MUHAMMAD RASHEED,Pakistan Muslim League (N),MUHAMMAD IRFAN ABID,Independent,15.70617738,57.5,Pakistan Muslim League (N),Independent,0,1
2013,NA-116,116,NA-116 (NAROWAL-II),DANIYAL AZIZ,Pakistan Muslim League (N),MUHAMMAD TARIQ ANEES,Pakistan Peoples Party Parliamentarians,34.95893259,55.74,Pakistan Muslim League (N),Pakistan Peoples Party Parliamentarians,0,0
2013,NA-117,117,NA-117 (NAROWAL-III),AHSAN IQBAL,Pakistan Muslim League (N),ABRAR UL HAQ,Pakistan Tehreek-e-Insaf,28.55811364,57.73,Pakistan Muslim League (N),Pakistan Tehreek-e-Insaf,0,1
2013,NA-118,118,NA-118 (LAHORE-I),Muhammad Riaz Malik,Pakistan Muslim League (N),Hamid Zaman,Pakistan Tehreek-e-Insaf,35.98929901,50.6,Pakistan Muslim League (N),Pakistan Tehreek-e-Insaf,0,0
2013,NA-119,119,NA-119 (LAHORE-II),Muhammad Hamza Shehbaz Sharif,Pakistan Muslim League (N),Muhammad Madni,Pakistan Tehreek-e-Insaf,43.49668805,50.93,Pakistan Muslim League (N),Pakistan Tehreek-e-Insaf,0,0
2013,NA-120,120,NA-120 (LAHORE-III),Muhammad Nawaz Sharif,Pakistan Muslim League (N),Doctor Yasmin Rashid,Pakistan Tehreek-e-Insaf,25.99456698,51.85,Pakistan Muslim League (N),Pakistan Tehreek-e-Insaf,1,0
2013,NA-121,121,NA-121 (LAHORE-IV),MEHAR ISHTIAQ AHMAD,Pakistan Muslim League (N),BARRISTER HAMMAD AZHAR,Pakistan Tehreek-e-Insaf,23.34378318,51.75,Pakistan Muslim League (N),Pakistan Tehreek-e-Insaf,0,0
2013,NA-122,122,NA-122 (LAHORE-V),SARDAR AYAZ SADIQ,Pakistan Muslim League (N),IMRAN AHMED KHAN NIAZI,Pakistan Tehreek-e-Insaf,4.87536818,58.48,Pakistan Muslim League (N),Pakistan Tehreek-e-Insaf,1,0
2013,NA-123,123,NA-123 (LAHORE-VI),Muhammad Pervaiz Malik,Pakistan Muslim League (N),Atif Choudhry,Pakistan Tehreek-e-Insaf,49.66805815,50.53,Pakistan Muslim League (N),Pakistan Tehreek-e-Insaf,1,0
2013,NA-124,124,NA-124 (LAHORE-VII),Shaikh Rohale Asghar,Pakistan Muslim League (N),Walid Iqbal,Pakistan Tehreek-e-Insaf,44.62137729,53.56,Pakistan Muslim League (N),Pakistan Tehreek-e-Insaf,0,1
2013,NA-125,125,NA-125 (LAHORE-VIII),Khawaja Saad Rafique,Pakistan Muslim League (N),Hamid Khan,Pakistan Tehreek-e-Insaf,18.22459883,51.9,Pakistan Muslim League (N),Pakistan Tehreek-e-Insaf,0,1
2013,NA-126,126,NA-126 (LAHORE-IX),Shafqat Mehmood,Pakistan Tehreek-e-Insaf,Khawaja Ahmad Hassan,Pakistan Muslim League (N),3.839199707,55,Pakistan Tehreek-e-Insaf,Pakistan Muslim League (N),0,0
2013,NA-127,127,NA-127 (LAHORE-X),Waheed Alam Khan,Pakistan Muslim League (N),Nasrullah Mughal,Pakistan Tehreek-e-Insaf,35.33794939,49,Pakistan Muslim League (N),Pakistan Tehreek-e-Insaf,0,1
2013,NA-128,128,NA-128 (LAHORE-XI),Muhammad Afzal Khokhar,Pakistan Muslim League (N),Malik Karamat Ali Khokhar,Pakistan Tehreek-e-Insaf,20.99980716,64,Pakistan Muslim League (N),Pakistan Tehreek-e-Insaf,0,1
2013,NA-129,129,NA-129 (LAHORE-XII),Shazia Mubashar,Pakistan Muslim League (N),Muhammad Mansha Sindhu,Pakistan Tehreek-e-Insaf,24.57086167,28.41,Pakistan Muslim League (N),Pakistan Tehreek-e-Insaf,0,0
2013,NA-130,130,NA-130 (LAHORE-XIII),SOHAIL SHOUKAT BUTT,Pakistan Muslim League (N),SAMINA KHALID GHURKI,Pakistan Peoples Party Parliamentarians,36.37627103,54.76,Pakistan Muslim League (N),Pakistan Peoples Party Parliamentarians,0,0
2013,NA-131,131,NA-131 (SHEIKHUPURA-I),RANA AFZAAL HUSSAIN,Pakistan Muslim League (N),UMER AFTAB DHILLON,Independent,21.1321548,55.56,Pakistan Muslim League (N),Independent,0,1
2013,NA-132,132,NA-132 (Sheikhupura-II-cum-Nankana Sahib (Old Sheikhupura-II)),Rana Tanveer Hussain,Pakistan Muslim League (N),Syed Ghayoor Abbas Bukhari,Pakistan Peoples Party Parliamentarians,37.26863557,56.85,Pakistan Muslim League (N),Pakistan Peoples Party Parliamentarians,1,0
2013,NA-133,133,NA-133 (Sheikhupura-III),Mian Javed Latif,Pakistan Muslim League (N),Muhammad Saeed Virk,Independent,23.87471664,55.31,Pakistan Muslim League (N),Independent,0,1
2013,NA-134,134,NA-134 (Sheikhupura-IV),Sardar Muhammad Irfan Dogar,Pakistan Muslim League (N),Khan Sher Akbar Khan,Independent,2.250230556,60.75,Pakistan Muslim League (N),Independent,0,1
2013,NA-135,135,NA-135 (Nankana Sahib-I-Cum-Sheikhupura (Old Sheikhupura-V)),Muhammad Barjees Tahir,Pakistan Muslim League (N),Muhammad Arshad Sahi,Pakistan Tehreek-e-Insaf,25.67555869,59.09,Pakistan Muslim League (N),Pakistan Tehreek-e-Insaf,0,1
2013,NA-136,136,NA-136 (Nankana Sahib-II Cum-Sheikhupura (Old Sheikhupura-VI)),Chudhary Bilal Ahmed Virk,Pakistan Muslim League (N),Shahid Manzoor Gill,Pakistan Muslim League (Q),22.33707036,61.22,Pakistan Muslim League (N),Other,0,1
2013,NA-137,137,NA-137 (Nankana Sahib-III (Old Sheikhupra-VII)),Rai Mansab Ali Khan,Pakistan Muslim League (N),Ijaz Ahmed Shah,Independent,3.124500607,61.08,Pakistan Muslim League (N),Independent,0,0
2013,NA-138,138,NA-138 (Kasur-I-Cum-Lahore),SALMAN HANIF,Pakistan Muslim League (N),SARDAR TUFAIL AHMAD KHAN,Independent,26.05129505,66.5,Pakistan Muslim League (N),Independent,0,1
2013,NA-139,139,NA-139 (KASUR-II),WASEEM AKHTAR SHAIKH,Pakistan Muslim League (N),CHOHADRY MANZOOR AHMAD,Pakistan Peoples Party Parliamentarians,40.39151446,62,Pakistan Muslim League (N),Pakistan Peoples Party Parliamentarians,0,1
2013,NA-140,140,NA-140 (KASUR-III),Rasheed Ahmad Khan,Pakistan Muslim League (N),Azeem u Deen Zahid,Pakistan Muslim League (Q),10.39333015,63.74,Pakistan Muslim League (N),Other,0,0
2013,NA-141,141,NA-141 (KASUR-IV),RANA MUHAMMAD ISHAQ KHAN,Pakistan Muslim League (N),SARDAR MUHAMMAD ASIF NAKAI,Independent,15.95448448,62.78,Pakistan Muslim League (N),Independent,0,1
2013,NA-142,142,NA-142 (KASUR-V),Rana Muhammad Hayat Khan,Pakistan Muslim League (N),Sardar Talib Hassan Nakai,Pakistan Muslim League (Q),11.23870938,64.48,Pakistan Muslim League (N),Other,0,0
2013,NA-143,143,NA-143 (OKARA-I),CH NADEEM ABBAS REBERA,Pakistan Muslim League (N),RAI MUHAMMAD ASLAM KHARAL,Pakistan Muslim League (Q),31.24863009,62.78,Pakistan Muslim League (N),Other,0,0
2013,NA-144,144,NA-144 (OKARA-II),muhammad arif ch,Pakistan Muslim League (N),Shafeeqa Baghum Rao Sikindar Iqbal,Pakistan Peoples Party Parliamentarians,40.96156954,58,Pakistan Muslim League (N),Pakistan Peoples Party Parliamentarians,0,0
2013,NA-145,145,NA-145 (OKARA-II),Syed Muhammad Ashiq Hussain Shah,Pakistan Muslim League (N),Rana Khizar Hayat Khan,Independent,34.87973344,58,Pakistan Muslim League (N),Independent,0,0
2013,NA-146,146,NA-146 (OKARA-IV),Rao Muhammad Ajmal Khan,Pakistan Muslim League (N),Mian Manzoor Ahmad Khan Wattoo,Pakistan Peoples Party Parliamentarians,50.52236889,60.84,Pakistan Muslim League (N),Pakistan Peoples Party Parliamentarians,0,0
2013,NA-147,147,NA-147 (OKARA-V),MUHAMMAD MOEEN WATTOO,Pakistan Muslim League (N),MIAN MANZOOR AHMAD KHAN WATTOO,Pakistan Peoples Party Parliamentarians,18.33337543,61.86,Pakistan Muslim League (N),Pakistan Peoples Party Parliamentarians,0,0
2013,NA-148,148,NA-148 (MULTAN-I),Malik Abdul Ghaffar Dogar,Pakistan Muslim League (N),Makhdoom Shah Mahmood Qureshi,Pakistan Tehreek-e-Insaf,8.4934111,58.51,Pakistan Muslim League (N),Pakistan Tehreek-e-Insaf,0,0
2013,NA-149,149,NA-149 (MULTAN-II),Makhdoom javaid Hussain Hashmi,Pakistan Tehreek-e-Insaf,Sheikh Muhammad Tariq Rasheed,Pakistan Muslim League (N),5.190694899,56.11,Pakistan Tehreek-e-Insaf,Pakistan Muslim League (N),0,0
2013,NA-150,150,NA-150 (MULTAN-III),Makhdoom Shah Mahmood Hussain Qureshi,Pakistan Tehreek-e-Insaf,Rana Mehmood ul Hassan,Pakistan Muslim League (N),6.858278326,51.67,Pakistan Tehreek-e-Insaf,Pakistan Muslim League (N),0,0
2013,NA-151,151,NA-151 (MULTAN-IV),Skindar Hayyat khan Bosan,Pakistan Muslim League (N),Syed Abdul Qadir Gillani,Pakistan Peoples Party Parliamentarians,19.92359954,56,Pakistan Muslim League (N),Pakistan Peoples Party Parliamentarians,0,0
2013,NA-152,152,NA-152 (MULTAN-V),Syed Javed Ali Shah,Pakistan Muslim League (N),Muhammad Ibraheem Khan,Pakistan Tehreek-e-Insaf,8.61455084,58.29,Pakistan Muslim League (N),Pakistan Tehreek-e-Insaf,0,0
2013,NA-153,153,NA-153 (MULTAN-VI),Dewan Ashiq Hussain Bukhari,Pakistan Muslim League (N),Rana Muhammad Qasim Noon,Pakistan Peoples Party Parliamentarians,2.0631819,60,Pakistan Muslim League (N),Pakistan Peoples Party Parliamentarians,0,0
2013,NA-154,154,NA-154 (LODHRAN-I),Muhammad Siddique Khan Baloch,Independent,Jahangir Khan Tareen,Pakistan Tehreek-e-Insaf,4.522328499,67.4,Independent,Pakistan Tehreek-e-Insaf,0,0
2013,NA-155,155,NA-155 (LODHRAN-II),Abdul Rehman Khan Kanju,Independent,Muhammad Akhtar Khan Kanju,Pakistan Muslim League (N),11.38348007,63.69,Independent,Pakistan Muslim League (N),0,0
2013,NA-156,156,NA-156 (KHANEWAL-I),Mohammad Raza Hayat Hiraj,Independent,Syed Fakhar Imam,Pakistan Muslim League (N),5.689580727,62.32,Independent,Pakistan Muslim League (N),0,0
2013,NA-157,157,NA-157 (KHANEWAL-II),Muhammad Khan Daha,Pakistan Muslim League (N),Hamid Yar Hiraj,Pakistan Muslim League (Q),15.52240162,60.8,Pakistan Muslim League (N),Other,0,0
2013,NA-158,158,NA-158 (KHANEWAL-III),ASLAM BODLA,Pakistan Muslim League (N),PEER ZAHOOR HUSSAIN QURAISHI,Pakistan Tehreek-e-Insaf,10.94394249,61.77,Pakistan Muslim League (N),Pakistan Tehreek-e-Insaf,0,0
2013,NA-159,159,NA-159 (KHANEWAL-IV),Choudhary Iftikhar Nazir,Pakistan Muslim League (N),Malik Ghulam Murtaza Metla,Pakistan Tehreek-e-Insaf,24.71517945,63.2,Pakistan Muslim League (N),Pakistan Tehreek-e-Insaf,0,0
2013,NA-160,160,NA-160 (SAHIWAL-I),SYED IMRAN AHMAD SHAH,Pakistan Muslim League (N),MUHAMMAD ALI SHAKOOR,Pakistan Tehreek-e-Insaf,33.93466763,60.73,Pakistan Muslim League (N),Pakistan Tehreek-e-Insaf,0,1
2013,NA-161,161,NA-161 (SAHIWAL-II),CHAUDHARY MUHAMMAD ASHRAF,Pakistan Muslim League (N),MALIK MUHAMMAD YAR DHAKOO,Pakistan Tehreek-e-Insaf,28.08659187,60.71,Pakistan Muslim League (N),Pakistan Tehreek-e-Insaf,0,0
2013,NA-162,162,NA-162 (SAHIWAL-III),RAI HASAN NAWAZ KHAN,Pakistan Tehreek-e-Insaf,HAJI MUHAMMAD AYUB,Independent,7.38196562,59.65,Pakistan Tehreek-e-Insaf,Independent,0,0
2013,NA-163,163,NA-163 (SAHIWAL-IV),CHAUDHRY MUHAMMAD MUNIR AZHAR,Pakistan Muslim League (N),MALIK NAUMAN AHMAD LANGRIAL,Pakistan Muslim League (Q),12.70205191,64.33,Pakistan Muslim League (N),Other,0,0
2013,NA-164,164,NA-164 (PAKPATTAN-I),SARDAR MANSAB ALI DOGAR,Pakistan Muslim League (N),MUHAMMAD SHAH KHAGGA,Pakistan Muslim League (Q),1.442888228,64.93,Pakistan Muslim League (N),Other,0,1
2013,NA-165,165,NA-165 (PAKPATTAN-II),SYED MUHAMMAD ATHAR HUSSAIN SHAH GILLANI,Pakistan Muslim League (N),AHMAD RAZA MANEKA,Pakistan Tehreek-e-Insaf,10.03601426,63.03,Pakistan Muslim League (N),Pakistan Tehreek-e-Insaf,0,1
2013,NA-166,166,NA-166 (PAKPATTAN-III),RANA ZAHID HUSSAIN KHAN,Pakistan Muslim League (N),MIAN MUHAMMAD AMJAD JOYIA,Pakistan Tehreek-e-Insaf,20.10013245,67.07,Pakistan Muslim League (N),Pakistan Tehreek-e-Insaf,0,1
2013,NA-167,167,NA-167 (VEHARI-I),Chaudhary Nazeer Ahmad,Pakistan Muslim League (N),Mohtarma Ayesha Nazeer Jat,Independent,28.31906564,62.169,Pakistan Muslim League (N),Independent,0,0
2013,NA-168,168,NA-168 (VEHARI-II),Sajid Mehdi,Pakistan Muslim League (N),Muhammad Ishaq Khan Khakwani,Pakistan Tehreek-e-Insaf,8.09437107,61.91,Pakistan Muslim League (N),Pakistan Tehreek-e-Insaf,0,0
2013,NA-169,169,NA-169 (VEHARI-III),Tahir Iqbal Ch,Independent,MohtarmaTehmina Doultana,Pakistan Muslim League (N),8.392742389,63.46,Independent,Pakistan Muslim League (N),0,0
2013,NA-170,170,NA-170 (VEHARI-IV),Saeed Ahmed Khan Manais,Pakistan Muslim League (N),muhammad Aurangzaib Khan Khichi,Pakistan Tehreek-e-Insaf,1.40062126,63.47,Pakistan Muslim League (N),Pakistan Tehreek-e-Insaf,0,0
2013,NA-171,171,NA-171 (DERA GHAZI KHAN-I),SARDAR MUHAMMAD AMJAD FAROOQ KHAN KHOSA,Pakistan Muslim League (N),KHAWAJA SHEERAZ MEHMOOD,Pakistan Peoples Party Parliamentarians,3.023906933,52,Pakistan Muslim League (N),Pakistan Peoples Party Parliamentarians,0,0
2013,NA-172,172,NA-172 (DERA GHAZI KHAN-II),Hafiz Abdul Kareem,Pakistan Muslim League (N),Sardar Muhammad Jamal Khan Leghari,Independent,6.226746982,47.3,Pakistan Muslim League (N),Independent,0,0
2013,NA-173,173,NA-173 (DERA GHAZI KHAN-III),Sardar Awais Ahmad Khan Leghari,Independent,sardar muhammad saif ud din khan khosa,Pakistan Peoples Party Parliamentarians,12.27328357,52.68,Independent,Pakistan Peoples Party Parliamentarians,0,0
2013,NA-174,174,NA-174 (RAJANPUR-I),Sardar Muhammad Jaffar Khan Leghari,Pakistan Muslim League (N),Sardar Nasrullah Khan Dreshak,Independent,18.99689599,59.52,Pakistan Muslim League (N),Independent,0,0
2013,NA-175,175,NA-175 (RAJANPUR-II),Doctor Hafeez ur Rehman Khan Drishak,Pakistan Muslim League (N),Mir Dost Muhammad Khan Mazari,Independent,17.20381703,64,Pakistan Muslim League (N),Independent,0,0
2013,NA-176,176,NA-176 (MUZAFFARGARH-I),Malik Sultan Mehmood,Pakistan Muslim League (N),Malik Ghulam Mustafa Khar,Pakistan Muslim League (F),6.687599518,62,Pakistan Muslim League (N),Other,0,0
2013,NA-177,177,NA-177 (MUZAFFARGARH-II),Ghulam Rabbani Khar,Pakistan Peoples Party Parliamentarians,Muhammad Javaid Khan Dasti,Independent,4.913959794,53.01,Pakistan Peoples Party Parliamentarians,Independent,0,1
2013,NA-178,178,NA-178 (MUZAFFARGARH-III),JAMSHED AHMAD DASTI,Independent,MUHAMMAD ABAD,Pakistan Muslim League (N),7.753946663,61.7,Independent,Pakistan Muslim League (N),0,0
2013,NA-179,179,NA-179 (MUZAFFARGARH-IV),Makhdoomzada S B A Sultan,Pakistan Muslim League (N),Mohammad Moazim Ali Khan,Pakistan Peoples Party Parliamentarians,18.13271907,61.91,Pakistan Muslim League (N),Pakistan Peoples Party Parliamentarians,0,0
2013,NA-180,180,NA-180 (MUZAFFARGARH-V),ASHIQ HUSSAIN KHAN,Independent,SYED MUHAMMAD ABDULLAH SHAH,Pakistan Muslim League (N),8.484855394,61.17,Independent,Pakistan Muslim League (N),0,0
2013,NA-181,181,NA-181 (LAYYAH-I),Sahibzada Faiz ul Hassan,Pakistan Muslim League (N),Sardar Bahadur Ahmed Khan,Pakistan Peoples Party Parliamentarians,16.7040945,68.11,Pakistan Muslim League (N),Pakistan Peoples Party Parliamentarians,0,0
2013,NA-182,182,NA-182 (LAYYAH-II),Syed Muhammad Saqlain Bukhari,Pakistan Muslim League (N),Malik Niaz Ahmad,Pakistan Peoples Party Parliamentarians,4.016802207,67.58,Pakistan Muslim League (N),Pakistan Peoples Party Parliamentarians,0,1
2013,NA-183,183,NA-183 (BAHAWALPUR-I),Makhdoom Syed Ali Hassan Gillani,Pakistan Muslim League (N),Makhdoom Syed Sami Ul Hassan Gillani,Bahawalpur National Awami Party,8.764088378,58,Pakistan Muslim League (N),Other,0,0
2013,NA-184,184,NA-184 (BAHAWALPUR-II),MIAN NAJIBUDDIN AWAISI,Pakistan Muslim League (N),KHADEEJA AAMIR,Pakistan Peoples Party Parliamentarians,17.64493176,60.51,Pakistan Muslim League (N),Pakistan Peoples Party Parliamentarians,0,0
2013,NA-185,185,NA-185 (BAHAWALPUR-III),Muhammad Baligh ur Rehman,Pakistan Muslim League (N),Muhammd Farooq Azam Malik,Bahawalpur National Awami Party,13.13435812,52.13,Pakistan Muslim League (N),Other,0,0
2013,NA-186,186,NA-186 (BAHAWALPUR-IV),Mian Riaz Hussain Peerzada,Pakistan Muslim League (N),Choudhry Tariq Bashir Cheema,Pakistan Muslim League (Q),6.816382651,63.69,Pakistan Muslim League (N),Other,0,0
2013,NA-187,187,NA-187 (BAHAWALPUR-V),Tariq Bashir Cheema,Pakistan Muslim League (Q),Saud Majeed,Pakistan Muslim League (N),2.226373292,67.26,Other,Pakistan Muslim League (N),0,0
2013,NA-188,188,NA-188 (BAHAWALNAGAR-I),SYED MUHAMMAD ASGHAR,Independent,MUHAMMAD AKHTER KHADAM ALIAS KHADAM HUSSAIN,Pakistan Muslim League (N),0.646971665,67.99,Independent,Pakistan Muslim League (N),0,0
2013,NA-189,189,NA-189 (BAHAWALNAGAR-II),ALAM DAD LALEKA,Pakistan Muslim League (N),MIAN MUMTAZ AHMAD MATYANA,Pakistan Tehreek-e-Insaf,27.11364706,59.88,Pakistan Muslim League (N),Pakistan Tehreek-e-Insaf,0,0
2013,NA-190,190,NA-190 (BAHAWALNAGAR-III),Tahir Bashir Cheema,Pakistan Muslim League (N),Muhammad Ijaz-ul-Haq,Pakistan Muslim League(Z),17.78317666,61.27,Pakistan Muslim League (N),Other,0,0
2013,NA-191,191,NA-191 (BAHAWALNAGAR-IV),MUHAMMAD IJAZ UL HAQ,Pakistan Muslim League(Z),MIAN ABDUL RASHEED,Pakistan Muslim League (N),11.78604556,84.77,Other,Pakistan Muslim League (N),0,0
2013,NA-192,192,NA-192 (RAHIM YAR KHAN-I),Khwaja Ghulam Rasool Koreja,Pakistan Peoples Party Parliamentarians,Makdum Syed Ahmad Alam Anwer,Pakistan Muslim League (N),0.67700085,58.18,Pakistan Peoples Party Parliamentarians,Pakistan Muslim League (N),0,0
2013,NA-193,193,NA-193 (RAHIM YAR KHAN-II),SHEIKH FAYYAZ UD DIN,Pakistan Muslim League (N),MIAN ABDUS SATTAR,Pakistan Peoples Party Parliamentarians,25.22680308,56.84,Pakistan Muslim League (N),Pakistan Peoples Party Parliamentarians,0,0
2013,NA-194,194,NA-194 (RAHIM YAR KHAN-III),Makhdoom Khusro Bakhtiar,Independent,Makhdoom Shahab Ud Din,Pakistan Peoples Party Parliamentarians,8.848532156,57.18,Independent,Pakistan Peoples Party Parliamentarians,0,0
2013,NA-195,195,NA-195 (RAHIM YAR KHAN-IV),Makhdoom Syed Mustafa Mehmood,Pakistan Peoples Party Parliamentarians,Makhdoom Khusro Bakhtiar,Independent,30.41266691,56.05,Pakistan Peoples Party Parliamentarians,Independent,0,0
2013,NA-196,196,NA-196 (RAHIM YAR KHAN-V),Mian Imtiaz Ahmed,Pakistan Muslim League (N),Javeed Iqbal Waraich,Pakistan Peoples Party Parliamentarians,25.67858968,58.72,Pakistan Muslim League (N),Pakistan Peoples Party Parliamentarians,0,0
2013,NA-197,197,NA-197 (RAHIM YAR KHAN-VI),MUHAMMAD ARSHAD KHAN LAGHARI,Pakistan Muslim League (N),MAKHDDOM SYED MURTAZA MEHMOOD,Pakistan Peoples Party Parliamentarians,6.974105678,59.41,Pakistan Muslim League (N),Pakistan Peoples Party Parliamentarians,0,1
2013,NA-198,198,NA-198 (SUKKUR-CUM-SHIKARPUR(I)(OLD SUKKUR-I)),Nauman Islam Shaikh,Pakistan Peoples Party Parliamentarians,Munawar Ali Chohan,Muttahidda Qaumi Movement,19.04637791,52,Pakistan Peoples Party Parliamentarians,Muttahidda Qaumi Movement,1,0
2013,NA-199,199,NA-199 (SUKKUR-CUM-SHIKARPUR(II)(OLD SUKKUR-II)),Syed Khursheed Ahmed Shah,Pakistan Peoples Party Parliamentarians,Inayatullah,Pakistan Muslim League (F),21.75621333,57.35,Pakistan Peoples Party Parliamentarians,Other,1,0
2013,NA-200,200,NA-200 (GHOTKI-I),Ali Gohar Khan Mahar,Pakistan Peoples Party Parliamentarians,Khalid Ahmed Khan Lund,Independent,5.93809223,60.37,Pakistan Peoples Party Parliamentarians,Independent,1,0
2013,NA-201,201,NA-201 (GHOTKI-II),Ali Muhammad Khan Mahar,Pakistan Peoples Party Parliamentarians,Abdul Razzaque Mahar,Independent,63.09383789,58.44,Pakistan Peoples Party Parliamentarians,Independent,0,0
2013,NA-202,202,NA-202 (SHIKARPUR (OLD SHIKARPUR-I)),Aftab Shahban Mirani,Pakistan Peoples Party Parliamentarians,Muhammad Ibrahim Jatoi,National Peoples Party,0.165940233,56.05,Pakistan Peoples Party Parliamentarians,Other,0,0
2013,NA-203,203,NA-203 (SHEIKHUPUR-CUM-SUKKUR-CUM-LARKANA(OLD SHIKARPUR-II)),Ghous Bux Khan Mahar,Pakistan Muslim League (F),Sardar Wahid Bux Bhayo,Pakistan Peoples Party Parliamentarians,26.92953084,59.24,Other,Pakistan Peoples Party Parliamentarians,0,0
2013,NA-204,204,NA-204 (Larkana (Old Larkana)),Mohammad Ayaz Soomro,Pakistan Peoples Party Parliamentarians,Mehtab Akbar Rashidi,Pakistan Muslim League (F),13.19009251,47.51,Pakistan Peoples Party Parliamentarians,Other,1,0
2013,NA-205,205,NA-205 (LARKANA-CUM-KAMBER SHAHDADKOT (OLD LARKANA-II)),Nazir Ahmed Bughio,Pakistan Peoples Party Parliamentarians,Safdar Ali Abbasi,Independent,35.06120888,51.19,Pakistan Peoples Party Parliamentarians,Independent,1,0
2013,NA-206,206,NA-206 (KAMBER SHAHDADKOT (OLD LARKANA-III)),Mir Aamir Ali Khan Magsi,Pakistan Peoples Party Parliamentarians,Asgher Shah Rashdi,Sindh United Party,56.89247582,47.31,Pakistan Peoples Party Parliamentarians,Other,1,0
2013,NA-207,207,NA-207 (LARKANA-CUM-SHIKHARPUR-CUM-KAMBER SHAHDADKOT (OLD LARKANA-IV)),Faryal Talpur,Pakistan Peoples Party Parliamentarians,Ghanva Bhutto,Pakistan Peoples Party (Shaheed Bhutto),38.44317657,54.24,Pakistan Peoples Party Parliamentarians,Other,0,0
2013,NA-208,208,NA-208 (JACOBABAD (OLD JACOBABAD-I)),Aijaz Hussain Jakhrani,Pakistan Peoples Party Parliamentarians,Illah Bukhsh Soomro,Pakistan Muslim League (N),4.990256391,43.14,Pakistan Peoples Party Parliamentarians,Pakistan Muslim League (N),1,0
2013,NA-209,209,NA-209 (JACOBABAD-CUM-KASHMORE(OLD JACOBABAD-II)),Mir Shabbir Ali Bijarani,Pakistan Peoples Party Parliamentarians,Mir Hassan Khoso,Pakistan Muslim League (F),8.759713488,46.62,Pakistan Peoples Party Parliamentarians,Other,1,0
2013,NA-210,210,NA-210 (KASHMORE (OLD JACOBABAD-III)),Ihsan ur Rahman Mazari,Pakistan Peoples Party Parliamentarians,Mir Ghalib Hussain Khan Domki,Independent,31.93435242,0.415,Pakistan Peoples Party Parliamentarians,Independent,0,0
2013,NA-211,211,NA-211 (NAUSHEHRO FEROZ-I),Rais Ghulam Murtaza Jatoi,National Peoples Party,Zulfiqar Ali Behan,Pakistan Peoples Party Parliamentarians,10.22886013,59.09,Other,Pakistan Peoples Party Parliamentarians,0,1
2013,NA-212,212,NA-212 (NAUSHEHRO FEROZ-II),Asghar Ali Shah,Pakistan Peoples Party Parliamentarians,Ghulam Rasool Khan Jatoi,National Peoples Party,18.54604834,62.82,Pakistan Peoples Party Parliamentarians,Other,1,0
2013,NA-213,213,NA-213 (NAWABSHAH-I),Dr Azra Fazal Pechuho,Pakistan Peoples Party Parliamentarians,Inayat Ali Rind,Muttahidda Qaumi Movement,36.27977388,0.58395673,Pakistan Peoples Party Parliamentarians,Muttahidda Qaumi Movement,1,0
2013,NA-214,214,NA-214 (NAWABSHAH-II),Syed Ghulam Mustafa Shah,Pakistan Peoples Party Parliamentarians,Ali Asghar Rind,Pakistan Muslim League (N),63.15199264,61.72,Pakistan Peoples Party Parliamentarians,Pakistan Muslim League (N),1,0
2013,NA-215,215,NA-215 (KHAIRPUR-I),Nawab Ali Wassan,Pakistan Peoples Party Parliamentarians,Syed Ghous Ali Shah,Pakistan Muslim League (N),15.09712876,60.92,Pakistan Peoples Party Parliamentarians,Pakistan Muslim League (N),1,0
2013,NA-216,216,NA-216 (KHAIRPUR-II),Pir Sadruddin Shah,Pakistan Muslim League (F),Sajid Ali Bambhan,Pakistan Peoples Party Parliamentarians,5.830130178,64.26,Other,Pakistan Peoples Party Parliamentarians,1,0
2013,NA-217,217,NA-217 (KHAIRPUR-III),Syed Qazim Ali Shah,Pakistan Muslim League (F),Syed Javed Ali Shah Jillani,Pakistan Peoples Party Parliamentarians,2.431809498,61,Other,Pakistan Peoples Party Parliamentarians,0,0
2013,NA-218,218,NA-218 (MATIARI-CUM-HYDERABAD (OLD HYDERABAD-I)),Makhdoom Muhammad Ameen Fahim,Pakistan Peoples Party Parliamentarians,Abdul Razzaque,Pakistan Muslim League (F),13.23108547,62.85,Pakistan Peoples Party Parliamentarians,Other,1,0
2013,NA-219,219,NA-219 (HYDERABAD-I (OLD HYDERABAD-II)),Khalid Maqbool Siddiqui,Muttahidda Qaumi Movement,Ali Muhammad Sehto,Pakistan Peoples Party Parliamentarians,71.88524217,58.81,Muttahidda Qaumi Movement,Pakistan Peoples Party Parliamentarians,1,0
2013,NA-220,220,NA-220 (HYDERABAD-II (OLD HYDERABAD-III)),Syed Waseem Hussain,Muttahidda Qaumi Movement,Abul khair Mohammad Zubair,Jamiat Ulma-e-Pakistan (Noorani),76.55990437,60.03,Muttahidda Qaumi Movement,Other,0,1
2013,NA-221,221,NA-221 (HYDERABAD-CUM-MATIARI (OLDHYDERABAD-IV)),Syed Amir Ali Shah Jamote,Pakistan Peoples Party Parliamentarians,Rajab Ali,Sindh Taraqi Passand Party (STP),35.92215351,52.02,Pakistan Peoples Party Parliamentarians,Other,1,0
2013,NA-222,222,NA-222 (TANDO MUHAMMAD KHAN-CUM-HYDERABAD-CUM-BADIN (HYDERABAD-V)),SYED NAVEED QAMAR,Pakistan Peoples Party Parliamentarians,PIR SAJJAD SAEED JAN SIRHANDI,Pakistan Muslim League (F),46.21381832,59.08,Pakistan Peoples Party Parliamentarians,Other,1,0
2013,NA-223,223,NA-223 (TANDO ALLAHYAR-CUM-MATIARI(OLD HYDERABAD-VI)),ABDUL SATTAR BACHANI,Pakistan Peoples Party Parliamentarians,Dr Rahila Gul Magsi,Pakistan Muslim League (N),12.91486526,63.45,Pakistan Peoples Party Parliamentarians,Pakistan Muslim League (N),1,0
2013,NA-224,224,NA-224 (BADIN-CUM-TANDO MUHAMMAD KHAN-I (OLD BADIN-I)),Sardar Kamal Khan Chang,Pakistan Peoples Party Parliamentarians,Ali Asghar Halepoto,Pakistan Muslim League (F),37.03518766,56.1,Pakistan Peoples Party Parliamentarians,Other,1,0
2013,NA-225,225,NA-225 (BADIN-CUM-TANDO MUHAMMAD KHAN-II(OLD BADIN-II)),Dr Fehmida Mirza,Pakistan Peoples Party Parliamentarians,Bibi Yasmeen Shah,Pakistan Muslim League (F),24.89067913,60.12,Pakistan Peoples Party Parliamentarians,Other,1,0
2013,NA-226,226,NA-226 (MIRPUR KHAS-CUM-UMERKOT (I) (OLD MIRPURKHAS-I),PIR SHAFQAT HUSSAIN SHAH JILANI,Pakistan Peoples Party Parliamentarians,SYED QURBAN ALI SHAH,Pakistan Muslim League (F),18.70650374,58.26,Pakistan Peoples Party Parliamentarians,Other,1,0
2013,NA-227,227,NA-227 (MIRPURKHAS-CUM-UMERKOT (II) (OLD MIRPURKHAS-II)),Mir Munawar Ali Talpur,Pakistan Peoples Party Parliamentarians,Syed Inayat Ali Shah,Pakistan Muslim League (F),47.16320683,59.75,Pakistan Peoples Party Parliamentarians,Other,1,0
2013,NA-228,228,NA-228 (UMERKOT(OLD MIRPURKHAS-III)),Nawab Muhammad Yousif Talpur,Pakistan Peoples Party Parliamentarians,Makhdoom Shah Mehmood Hussain Qureshi,Pakistan Tehreek-e-Insaf,7.02112133,68.84,Pakistan Peoples Party Parliamentarians,Pakistan Tehreek-e-Insaf,1,0
2013,NA-229,229,NA-229 (THARPARKAR-I),Faqir Sher Muhammad Bilalani,Pakistan Peoples Party Parliamentarians,Arbab Togachi Fawad Razzak,Independent,1.188175386,0.698,Pakistan Peoples Party Parliamentarians,Independent,0,0
2013,NA-230,230,NA-230 (THARPARKAR-II),Pir Noor Muhammad Shah jeelani,Pakistan Peoples Party Parliamentarians,Makhdoom Shah Mehmood Qureshi,Pakistan Tehreek-e-Insaf,1.586319445,0.679,Pakistan Peoples Party Parliamentarians,Pakistan Tehreek-e-Insaf,0,0
2013,NA-231,231,NA-231 (JAMSHORO(OLD DADU-I)),Malik Asad Sikandar,Pakistan Peoples Party Parliamentarians,Syed Jalal Mehmood Shah,Sindh United Party,35.49380864,56.21,Pakistan Peoples Party Parliamentarians,Other,1,0
2013,NA-232,232,NA-232 (DADU-I (OLD DADU-II)),Rafique Ahmed Jamali,Pakistan Peoples Party Parliamentarians,Karim Ali Jatoi,Pakistan Muslim League (N),12.82817872,54.36,Pakistan Peoples Party Parliamentarians,Pakistan Muslim League (N),1,0
2013,NA-233,233,NA-233 (DADU-II(OLD DADU-III)),MR.Imran Zafar Leghari,Pakistan Peoples Party Parliamentarians,MR.Liaquat Ali Jatoi,Pakistan Muslim League (N),25.10825643,67.5,Pakistan Peoples Party Parliamentarians,Pakistan Muslim League (N),0,1
2013,NA-234,234,NA-234 (SANGHAR-I),Pir Bux Junejo,Pakistan Muslim League (F),Fida Hussain Dero,Pakistan Peoples Party Parliamentarians,15.20018579,59.58,Other,Pakistan Peoples Party Parliamentarians,1,0
2013,NA-235,235,NA-235 (SANGHAR-CUM-MIRPURKHAS-CUM-UMERKOT(OLD SANGHAR-II)),Shazia Mari,Pakistan Peoples Party Parliamentarians,Khuda Bux Dars,Pakistan Muslim League (F),8.536804602,55.76,Pakistan Peoples Party Parliamentarians,Other,0,0
2013,NA-236,236,NA-236 (SANGHAR-II(OLD SNAGHAR-III)),Roshan Din Junejo,Pakistan Peoples Party Parliamentarians,Imamuddin Shaookeen,Pakistan Muslim League (F),7.747117633,51.3,Pakistan Peoples Party Parliamentarians,Other,0,0
2013,NA-237,237,NA-237 (THATTA-I),Shamas-un-Nisa,Pakistan Peoples Party Parliamentarians,Syed Riaz Hussain Shah Sherazi,Pakistan Muslim League (N),13.10979755,44.78,Pakistan Peoples Party Parliamentarians,Pakistan Muslim League (N),0,1
2013,NA-238,238,NA-238 (THATTA-II),Syed Ayaz Ali Shah Sheerazi,Independent,Rameez u din Memon,Pakistan Peoples Party Parliamentarians,5.545971467,60.56,Independent,Pakistan Peoples Party Parliamentarians,0,0
2013,NA-239,239,NA-239 (KARACHI-I),Mohammad Salman Khan Baloch,Muttahidda Qaumi Movement,Subhan Ali,Pakistan Tehreek-e-Insaf,3.186372877,41.12,Muttahidda Qaumi Movement,Pakistan Tehreek-e-Insaf,0,0
2013,NA-240,240,NA-240 (KARACHI-II),Sohail Mansoor Khawaja,Muttahidda Qaumi Movement,Naz Baloch,Pakistan Tehreek-e-Insaf,41.2813436,56.8,Muttahidda Qaumi Movement,Pakistan Tehreek-e-Insaf,1,0
2013,NA-241,241,NA-241 (KARACHI-III),Syed Akhter ul Iqbal Qadri,Muttahidda Qaumi Movement,Doctor Saeed Ahmed Afridi,Pakistan Tehreek-e-Insaf,41.19893228,52.87,Muttahidda Qaumi Movement,Pakistan Tehreek-e-Insaf,0,1
2013,NA-242,242,NA-242 (KARACHI-IV),Mehboob Alam,Muttahidda Qaumi Movement,Akram Khan,Pakistan Tehreek-e-Insaf,78.68361967,65.54,Muttahidda Qaumi Movement,Pakistan Tehreek-e-Insaf,1,0
2013,NA-243,243,NA-243 (KARACHI-V),Abdul Waseem,Muttahidda Qaumi Movement,Zahid Hussain Hashmi,Pakistan Tehreek-e-Insaf,67.41985858,57.86,Muttahidda Qaumi Movement,Pakistan Tehreek-e-Insaf,1,0
2013,NA-244,244,NA-244 (KARACHI-VI),Sheikh Salahuddin,Muttahidda Qaumi Movement,Khalid Masood Khan,Pakistan Tehreek-e-Insaf,59.47870973,61,Muttahidda Qaumi Movement,Pakistan Tehreek-e-Insaf,1,0
2013,NA-245,245,NA-245 (KARACHI-VII),Muhammad Rehan Hashmi,Muttahidda Qaumi Movement,Muhammad Riaz Haider,Pakistan Tehreek-e-Insaf,30.9917629,54.28,Muttahidda Qaumi Movement,Pakistan Tehreek-e-Insaf,1,0
2013,NA-246,246,NA-246 (KARACHI-VIII),Sardar Nabeel Ahmed Gabol,Muttahidda Qaumi Movement,Amir Sharjeel,Pakistan Tehreek-e-Insaf,61.10896523,51.63,Muttahidda Qaumi Movement,Pakistan Tehreek-e-Insaf,1,0
2013,NA-247,247,NA-247 (KARACHI-IX),Sufyan Yousuf,Muttahidda Qaumi Movement,Rashid Siddiqui,Pakistan Tehreek-e-Insaf,53.78508211,57.24,Muttahidda Qaumi Movement,Pakistan Tehreek-e-Insaf,1,0
2013,NA-248,248,NA-248 (KARACHI-X),ShahJahan Baloch,Pakistan Peoples Party Parliamentarians,Subhan Ali Sahil,Pakistan Tehreek-e-Insaf,43.42588446,46.04,Pakistan Peoples Party Parliamentarians,Pakistan Tehreek-e-Insaf,1,0
2013,NA-249,249,NA-249 (KARACHI-XI),Dr. Muhammad Farooq Sattar,Muttahidda Qaumi Movement,Abdul Aziz Memon,Pakistan Peoples Party Parliamentarians,23.1380215,60.9,Muttahidda Qaumi Movement,Pakistan Peoples Party Parliamentarians,1,0
2013,NA-250,250,NA-250 (KARACHI-XII),Arif ur Rehman Alvi,Pakistan Tehreek-e-Insaf,Khushbakht Shujat,Muttahidda Qaumi Movement,38.55794834,35.48,Pakistan Tehreek-e-Insaf,Muttahidda Qaumi Movement,0,0
2013,NA-251,251,NA-251 (KARACHI-XIII),Syed Ali Raza Abidi,Muttahidda Qaumi Movement,Raja Azhar Khan,Pakistan Tehreek-e-Insaf,24.5295259,49.53,Muttahidda Qaumi Movement,Pakistan Tehreek-e-Insaf,1,0
2013,NA-252,252,NA-252 (KARACHI-XIV),Adbul Rashid Godil,Muttahidda Qaumi Movement,Syed Ali Haider Zaidi,Pakistan Tehreek-e-Insaf,25.00449538,53.43,Muttahidda Qaumi Movement,Pakistan Tehreek-e-Insaf,0,1
2013,NA-253,253,NA-253 (KARACHI-XV),Muhammad Muzammil Qureshi,Muttahidda Qaumi Movement,Muhammad Ashraf Jabbar Qureshi,Pakistan Tehreek-e-Insaf,20.24474431,39.33,Muttahidda Qaumi Movement,Pakistan Tehreek-e-Insaf,0,1
2013,NA-254,254,NA-254 (KARACHI-XVI),Muhammad Ali Rashid,Muttahidda Qaumi Movement,Muhammad Naem,Pakistan Tehreek-e-Insaf,74.45331482,17,Muttahidda Qaumi Movement,Pakistan Tehreek-e-Insaf,1,0
2013,NA-255,255,NA-255 (KARACHI-XVII),Syed Asif Hasnain,Muttahidda Qaumi Movement,Khalid Mehmood Ali,Pakistan Tehreek-e-Insaf,66.41496897,0.515,Muttahidda Qaumi Movement,Pakistan Tehreek-e-Insaf,0,0
2013,NA-256,256,NA-256 (KARACHI-XVIII),Iqbal Muhammad Ali Khan,Muttahidda Qaumi Movement,Muhammad Zubair Khan,Pakistan Tehreek-e-Insaf,33.64887459,54.23,Muttahidda Qaumi Movement,Pakistan Tehreek-e-Insaf,1,0
2013,NA-257,257,NA-257 (KARACHI-XIX),Sajid Ahmed,Muttahidda Qaumi Movement,Farooq Khan,Independent,52.71388811,52.9,Muttahidda Qaumi Movement,Independent,1,0
2013,NA-258,258,NA-258 (KARACHI-XX),Abdul Hakeem Baloch,Pakistan Muslim League (N),Abdul Razzaq Raja,Pakistan Peoples Party Parliamentarians,9.584955437,44.58,Pakistan Muslim League (N),Pakistan Peoples Party Parliamentarians,0,0
2013,NA-259,259,NA-259 (QUETTA),Mehmood Khan Achakzai,Pukhtoonkhwa Milli Awami Party,Muhammad Qasim Khan Suri,Pakistan Tehreek-e-Insaf,20.91896857,41.58,Other,Pakistan Tehreek-e-Insaf,0,0
2013,NA-260,260,NA-260 (Quetta-cum-Chagai-cum-Nushki-cum-Mastung),Abdul Rahim Mandokhail,Pukhtoonkhwa Milli Awami Party,Haji Manzoor Ahmed Mengal,Jamiat Ulama-e-Islam (F),2.552057482,41.01,Other,Jamiat Ulama-e-Islam (F),0,0
2013,NA-261,261,NA-261 (Pishin-cum-Ziarat),Moulvi Agha Muhammad,Jamiat Ulama-e-Islam (F),Muhammad Essa Roshan,Pukhtoonkhwa Milli Awami Party,0.401474115,54.17,Jamiat Ulama-e-Islam (F),Other,0,0
2013,NA-262,262,NA-262 (Killa Abdullah),Abdul Qadir Khan Wadan,Pukhtoonkhwa Milli Awami Party,Qari Muhammad Shair Ali,Jamiat Ulama-e-Islam (F),28.15485482,35.2,Other,Jamiat Ulama-e-Islam (F),0,0
2013,NA-263,263,NA-263 (Loralai-cum-Musakhel-cum-Barkhan),Molana Ameer Zaman,Jamiat Ulama-e-Islam (F),Sardar Muhammad Yaqoob Khan Nasir,Pakistan Muslim League (N),7.49341867,51.06,Jamiat Ulama-e-Islam (F),Pakistan Muslim League (N),0,0
2013,NA-264,264,NA-264 (Zhob-cum-Sherani-cum- Killa Saifullah),Moulana Mohammad Khan Sherani,Jamiat Ulama-e-Islam (F),Moulana Asmatullah,Jamiat Ulama-e-Islam Nazryati Pakistan,3.688691163,45.04,Jamiat Ulama-e-Islam (F),Other,0,0
2013,NA-265,265,NA-265 (Sibi-cum-Kohlu-cum-Dera Bugti- cum-Harani),Mir Dostain Khan Domki,Independent,Ahmed Jan Khan,Pukhtoonkhwa Milli Awami Party,11.99464492,42.47,Independent,Other,0,0
2013,NA-266,266,NA-266 (Nasirabad-cum- Jaffarabad),Zafarullah Khan Jamali,Independent,Mir Saleem Ahmed Khosa,Independent,4.321028613,39.35,Independent,Independent,0,0
2013,NA-267,267,NA-267 (Kachhi-cum-Jhal Magsi),Khalid Hussain Magsi,Independent,Abdul Raheem Rind,Independent,3.778237353,61.28,Independent,Independent,0,1
2013,NA-268,268,NA-268 (Kalat-cum-Mastung),Sardar Kamal Khan Bangulzai,National Party,Molana Abdul Ghafoor Haideri,Jamiat Ulama-e-Islam (F),14.82176968,34.78,Other,Jamiat Ulama-e-Islam (F),0,0
2013,NA-269,269,NA-269 (Khuzdar),Molana Qamar Din,Jamiat Ulama-e-Islam (F),Mir Abdul Rauf Mengal,Balochistan National Party,0.086516804,42.6,Jamiat Ulama-e-Islam (F),Other,0,0
2013,NA-270,270,NA-270 (Awaran-cum-Lasbela),Jam Kamal Khan,Independent,Ghulam Akbar Lasi,Pakistan Peoples Party Parliamentarians,21.5463804,43.78,Independent,Pakistan Peoples Party Parliamentarians,0,0
2013,NA-271,271,NA-271 (Kharan-cum-Washuk-cum-Panjgur),Lt.Gen R Abdul Qadir Baloch,Pakistan Muslim League (N),Ehsanullah Reki,Pakistan Peoples Party Parliamentarians,4.290545301,19.06,Pakistan Muslim League (N),Pakistan Peoples Party Parliamentarians,0,0
2013,NA-272,272,NA-272 (Kech-cum-Gwadar),Sayed Essa Nori,Balochistan National Party,mmad Yasin Baloch,National Party,1.248106197,29.56,Other,Other,0,0