"year","na_number","na_value","na_name","winner","winner_party","runnerup","runnerup_party","victory_margin","turn_out","winner_party_cat","runnerup_party_cat"
2008,"NA-1","1","NA-1 PESHAWAR-1","Haji Ghulam Ahmad Bilour","Awami National Party","Ayub Shah","Pakistan Peoples Party Parliamentarians","7.3","22.98060106","Awami National Party","Pakistan Peoples Party Parliamentarians"
2008,"NA-4","4","NA-4 PESHAWAR-IV","Arbab Muhammad Zahir Khan","Awami National Party","Muhammad Azam Afridi","Pakistan Peoples Party Parliamentarians","15.6","31.65536712","Awami National Party","Pakistan Peoples Party Parliamentarians"
2008,"NA-6","6","NA-6 Nowshera-II","Masood Abbas Khattak","Awami National Party","Mian Jamshed-ud-Din","Pakistan Peoples Party (Sherpao)","10.0","37.20850207","Awami National Party","Other"
2008,"NA-7","7","?NA-7 Charsadda-I","Asfandiyar Wali Khan","Awami National Party","Naseer Mohammad Khan","Pakistan Peoples Party Parliamentarians","43.8","32.80364716","Awami National Party","Pakistan Peoples Party Parliamentarians"
2008,"NA-8","8","?NA-8 Charsadda-II","Aftab Ahmad Khan Sherpao","Pakistan Peoples Party (Sherpao)","Bashir Khan Umerzai","Awami National Party","0.8","32.31565026","Other","Awami National Party"
2008,"NA-9","9","?NA-9 Mardan-I","Nawabzada Khawaja Muhammad Khan Hoti alias Toti Khan","Awami National Party","Khanzada Khan","Pakistan Peoples Party Parliamentarians","8.4","31.19728898","Awami National Party","Pakistan Peoples Party Parliamentarians"
2008,"NA-10","10","?NA-10 Mardan-II","Maulana Mohammad Qasim","Mutthida Majlis-e-Amal Pakistan (MMA)","Nawabzada Abdul Qadir Khan","Pakistan Peoples Party Parliamentarians","6.3","37.95400488","Mutthida Majlis-e-Amal Pakistan (MMA)","Pakistan Peoples Party Parliamentarians"
2008,"NA-11","11","?NA-11 Mardan-III","Abdul Akbar Khan","Pakistan Peoples Party Parliamentarians","Haji Naseem-ur-Rehman","Awami National Party","27.0","32.51416295","Pakistan Peoples Party Parliamentarians","Awami National Party"
2008,"NA-12","12","?NA-12 Swabi-I","Engineer Usman Khan Tarkai","Independent","Asfandiyar Wali Khan","Awami National Party","0.3","39.43724027","Independent","Awami National Party"
2008,"NA-13","13","?NA-13 Swabi-II","Perviz Khan Advocate","Awami National Party","Muhammad Naeem","Pakistan Peoples Party Parliamentarians","6.8","36.65636118","Awami National Party","Pakistan Peoples Party Parliamentarians"
2008,"NA-14","14","?NA-14 Kohat","Pir Dilawar Shah","Awami National Party","Malak Mohammad Asad Khan","Independent","7.5","28.42827417","Awami National Party","Independent"
2008,"NA-15","15","?NA-15 Karak","Mufti Ajmal Khan","Mutthida Majlis-e-Amal Pakistan (MMA)","Shams ur Rehman Khattak","Pakistan Muslim League (N)","5.8","38.81615260","Mutthida Majlis-e-Amal Pakistan (MMA)","Pakistan Muslim League (N)"
2008,"NA-16","16","?NA-16 Hangu","Syed Haider Ali Shah","Awami National Party","Maulana Mian Hussain Jalali","Mutthida Majlis-e-Amal Pakistan (MMA)","4.5","31.81052676","Awami National Party","Mutthida Majlis-e-Amal Pakistan (MMA)"
2008,"NA-17","17","?NA-17 Abbottabad-I","Sardar Mehtab Ahmed Khan","Pakistan Muslim League (N)","Dr.Muhammad Azhar Khan Jadoon","Independent","15.9","42.82586805","Pakistan Muslim League (N)","Independent"
2008,"NA-18","18","?NA-18 Abbottabad-II","Murtaza Javed Abbasi","Pakistan Muslim League (N)","Sardar Muhammad Yaqoob","Pakistan Muslim League (Q)","24.0","44.51850361","Pakistan Muslim League (N)","Pakistan Muslim League (Q)"
2008,"NA-19","19","?NA-19 Haripur","Sardar Muhammad Mushtaq Khan","Pakistan Muslim League (N)","Raja Amir Zaman","Independent","12.0","47.13558230","Pakistan Muslim League (N)","Independent"
2008,"NA-21","21","?NA-21 Mansehra-II","Faiz Muhammad Khan","Pakistan Muslim League (N)","Zargul Khan","Pakistan Muslim League (Q)","10.0","32.72565826","Pakistan Muslim League (N)","Pakistan Muslim League (Q)"
2008,"NA-23","23","?NA-23 Kohistan","Mehboobullah","Independent","Haji Misar Khan","Pakistan Peoples Party Parliamentarians","1.2","17.77335759","Independent","Pakistan Peoples Party Parliamentarians"
2008,"NA-24","24","NA-24 D.I.Khan","Faisal Karim Kundi","Pakistan Peoples Party Parliamentarians","Maulana Fazal ur Rehman","Mutthida Majlis-e-Amal Pakistan (MMA)","26.3","41.16716835","Pakistan Peoples Party Parliamentarians","Mutthida Majlis-e-Amal Pakistan (MMA)"
2008,"NA-25","25","NA-25 D.I.Khan-com-Tank","Atta ur Rehman","Mutthida Majlis-e-Amal Pakistan (MMA)","Habibullah Khan Kundi","Pakistan Muslim League (Q)","1.3","42.93736609","Mutthida Majlis-e-Amal Pakistan (MMA)","Pakistan Muslim League (Q)"
2008,"NA-26","26","NA-26 Bannu","Maulana Fazal Ur Rehman","Mutthida Majlis-e-Amal Pakistan (MMA)","Malik Nasir Khan","Independent","20.9","43.86038523","Mutthida Majlis-e-Amal Pakistan (MMA)","Independent"
2008,"NA-28","28","NA-28 Buner","Abdul Matin Khan","Awami National Party","Barrister Gohar Ali Khan","Pakistan Peoples Party Parliamentarians","4.2","27.18343317","Awami National Party","Pakistan Peoples Party Parliamentarians"
2008,"NA-29","29","?NA-29 Swat-I","Muzafer ul Mulk","Awami National Party","Mian Gul Adnan Aurangzeb","Independent","3.5","18.17076308","Awami National Party","Independent"
2008,"NA-30","30","?NA-30 Swat-II","Syed Allauddin","Pakistan Peoples Party Parliamentarians","Shujaat Ali Khan","Pakistan Muslim League (Q)","10.7","17.90358161","Pakistan Peoples Party Parliamentarians","Pakistan Muslim League (Q)"
2008,"NA-33","33","?NA-33 Upper Dir-cum-Lower Dir (Old Upper Dir)","Najmuddin Khan","Pakistan Peoples Party Parliamentarians","Sahibzada Sibghat Ullalh","Independent","10.7","26.86126538","Pakistan Peoples Party Parliamentarians","Independent"
2008,"NA-34","34","?NA-34 Lower Dir","Malak Azmat Khan","Pakistan Peoples Party Parliamentarians","Muhammad Ayub Khan","Awami National Party","15.1","24.25282937","Pakistan Peoples Party Parliamentarians","Awami National Party"
2008,"NA-35","35","?NA-35 Malakand Protected Area","Lal Muhammad Khan","Pakistan Peoples Party Parliamentarians","Nisar Muhammad","Pakistan Peoples Party (Sherpao)","26.6","31.32212218","Pakistan Peoples Party Parliamentarians","Other"
2008,"NA-36","36","?NA-36 Tribal Area-I","Bilal Rehman","Independent","Shahbaz Khan Mohmand","Independent","4.5","18.46167276","Independent","Independent"
2008,"NA-37","37","?NA-37 Tribal Area-II","Sajid Hussain Turi","Independent","Doctor Syed Riaz Hussain","Independent","6.3","61.82874141","Independent","Independent"
2008,"NA-38","38","?NA-38 Tribal Area-III","Munir Khan Orakzai","Independent","Maulana Akhunzada Obaidullah Sharif","Independent","49.2","28.31929813","Independent","Independent"
2008,"NA-39","39","?NA-39 Tribal Area-IV","Jawad Hussain","Independent","Dr. Gul Karim Khan","Independent","27.5","40.14026837","Independent","Independent"
2008,"NA-40","40","?NA-40 Tribal Area-V","Muhammad Kamran Khan","Independent","Abdul Qayyum","Pakistan Citizen Movement","1.3","27.85319534","Independent","Other"
2008,"NA-41","41","?NA-41 Tribal Area-VI","Moulana Abdul Malik Wazir","Independent","Ghalib Khan","Independent","0.1","33.99236795","Independent","Independent"
2008,"NA-43","43","?NA-43 Tribal Area-VIII","Shaukatullah Khan","Independent","Sheikh Jehanzada","Independent","28.4","12.84932151","Independent","Independent"
2008,"NA-44","44","?NA-44 Tribal Area-IX","Syed Akhun Zada Chittan","Independent","Shahab ud Din Khan","Independent","4.4","17.69029489","Independent","Independent"
2008,"NA-45","45","?NA-45 Tribal Area-X","Noor Ul Haq Qadri","Independent","Mohammad Ibrahim Koki Khel","Independent","3.7","35.03337546","Independent","Independent"
2008,"NA-46","46","?NA-46 Tribal Area-XI","Hamed Ullah Jan Afridi","Independent","Mohammad Saeed Afridi BQK","Independent","2.8","23.82281760","Independent","Independent"
2008,"NA-47","47","?NA-47 Tribal Area-XII","Zafar Baig Bhatani","Independent","Doctor Nasim Afridi","Independent","22.8","36.81866189","Independent","Independent"
2008,"NA-48","48","?NA-48 Islamabad-I","Anjum Aqeel Khan","Pakistan Muslim League (N)","Dr. Syed Israr Hussain","Pakistan Peoples Party Parliamentarians","33.3","43.74593621","Pakistan Muslim League (N)","Pakistan Peoples Party Parliamentarians"
2008,"NA-49","49","?NA-49 Islamabad-II","Dr.Tariq Fazal Chaudhry","Pakistan Muslim League (N)","Syed Nayyer Hussain Bukhari","Pakistan Peoples Party Parliamentarians","0.6","56.23175517","Pakistan Muslim League (N)","Pakistan Peoples Party Parliamentarians"
2008,"NA-50","50","?NA-50 Rawalpindi-I","Shahid Khaqan Abbassi","Pakistan Muslim League (N)","Ghulam Murtaza Satti","Pakistan Peoples Party Parliamentarians","10.4","52.26852609","Pakistan Muslim League (N)","Pakistan Peoples Party Parliamentarians"
2008,"NA-51","51","?NA-51 Rawalpindi -II","Raja Pervaiz Ashraf","Pakistan Peoples Party Parliamentarians","Raja Qasim Javaid Ikhlas","Pakistan Muslim League (Q)","5.0","53.85078450","Pakistan Peoples Party Parliamentarians","Pakistan Muslim League (Q)"
2008,"NA-52","52","?NA-52 Rawalpindi-III","Ch. Nisar Ali Khan","Pakistan Muslim League (N)","Muhammad Nasir Raja","Pakistan Muslim League (Q)","21.8","52.27539941","Pakistan Muslim League (N)","Pakistan Muslim League (Q)"
2008,"NA-53","53","?NA-53 Rawalpindi-IV","Ch. Nisar Ali Khan","Pakistan Muslim League (N)","Ghulam Sarwar Khan","Pakistan Muslim League (Q)","12.9","52.32410361","Pakistan Muslim League (N)","Pakistan Muslim League (Q)"
2008,"NA-54","54","?NA-54 Rawalpindi ГђV","Malik Abrar Ahmad","Pakistan Muslim League (N)","Zumarad Khan","Pakistan Peoples Party Parliamentarians","23.4","38.50498902","Pakistan Muslim League (N)","Pakistan Peoples Party Parliamentarians"
2008,"NA-55","55","?NA-55 Rawalpindi-VI","Makhdoom Muhammad Javed Hashmi","Pakistan Muslim League (N)","Malik Aamer Fida Paracha","Pakistan Peoples Party Parliamentarians","29.5","40.11493496","Pakistan Muslim League (N)","Pakistan Peoples Party Parliamentarians"
2008,"NA-56","56","?NA-56 Rawalpindi-VII","Muhammad Hanif Abbasi","Pakistan Muslim League (N)","Sardar Shaukat Hayat Khan Advocate","Pakistan Peoples Party Parliamentarians","46.3","35.06533854","Pakistan Muslim League (N)","Pakistan Peoples Party Parliamentarians"
2008,"NA-57","57","?NA-57 Attock-I","Sheikh Aftab Ahmad","Pakistan Muslim League (N)","Malik Amin Aslam Khan","Independent","0.3","48.84160774","Pakistan Muslim League (N)","Independent"
2008,"NA-59","59","?NA-59 Attock-III","Sardar Saleem Haider Khan","Pakistan Peoples Party Parliamentarians","Waseem Gulzar","Pakistan Muslim League (Q)","7.8","60.78400904","Pakistan Peoples Party Parliamentarians","Pakistan Muslim League (Q)"
2008,"NA-60","60","NA-60 Chakwal-I","Ayaz Amir","Pakistan Muslim League (N)","Sardar Muhammad Nawab Khan","Pakistan Muslim League (Q)","13.8","57.02610345","Pakistan Muslim League (N)","Pakistan Muslim League (Q)"
2008,"NA-61","61","?NA-61 Chakwal-II","Muhammad Faiz Tamman","Pakistan Muslim League (N)","Ch.Pervaiz Elahi","Pakistan Muslim League (Q)","0.2","57.54099067","Pakistan Muslim League (N)","Pakistan Muslim League (Q)"
2008,"NA-62","62","?NA-62 Jhelum-I","Raja Muhammad Safdar","Pakistan Muslim League (N)","Chaudhary Shahbaz Hussain","Pakistan Muslim League (Q)","16.6","50.35964225","Pakistan Muslim League (N)","Pakistan Muslim League (Q)"
2008,"NA-63","63","?NA-63 Jhelum-II","Raja Muhammad Asad Khan","Pakistan Muslim League (N)","Ch.Shahbaz Hussain","Pakistan Muslim League (Q)","17.2","43.05523274","Pakistan Muslim League (N)","Pakistan Muslim League (Q)"
2008,"NA-64","64","?NA-64 Sargodha-I","Nadeem Afzal Gondal","Pakistan Peoples Party Parliamentarians","Muhammad Farooq Baha-ul-Haq Shah","Pakistan Muslim League (N)","2.8","42.39970042","Pakistan Peoples Party Parliamentarians","Pakistan Muslim League (N)"
2008,"NA-66","66","?NA-66 Sargodha-III","Tasneem Ahmed Qureshi","Pakistan Peoples Party Parliamentarians","Muhammad Hamid Hameed","Pakistan Muslim League (N)","3.3","36.51262282","Pakistan Peoples Party Parliamentarians","Pakistan Muslim League (N)"
2008,"NA-68","68","?NA-68 Sargodha-V","Syed Javed Hassnain Shah","Pakistan Muslim League (N)","Mian Mazhar Ahmed Qureshi","Pakistan Muslim League (Q)","12.4","48.60088212","Pakistan Muslim League (N)","Pakistan Muslim League (Q)"
2008,"NA-70","70","?NA-70 Khushab-II","Malik Shakir Bashir Awan","Pakistan Muslim League (N)","Malik Muhammad Ehsan Ullah Tiwana","Independent","4.5","60.75003926","Pakistan Muslim League (N)","Independent"
2008,"NA-71","71","?NA-71 Mianwali-I","Nawabzada Malik Amad Khan","Independent","Amanatullah Khan Shadikhel.","Independent","6.0","50.86182092","Independent","Independent"
2008,"NA-72","72","?NA-72 Mianwali-II","Humair Hayat Rokhari","Independent","Dr.Sher Afghan Khan Niazi","Pakistan Muslim League (Q)","1.4","54.05910232","Independent","Pakistan Muslim League (Q)"
2008,"NA-73","73","?NA-73 Bhakkar-I","Abdul Majeed Khan Khanan Khel","Independent","Muhammad Sana Ullah Khan Masti Khel","Pakistan Muslim League (N)","0.6","67.42906503","Independent","Pakistan Muslim League (N)"
2008,"NA-74","74","?NA-74 Bhakkar-II","Rasheed Akbar Khan","Independent","Dr. Muhammad Afzal Khan Dhandla","Pakistan Muslim League (N)","6.0","65.05509340","Independent","Pakistan Muslim League (N)"
2008,"NA-75","75","?NA-75 Faisalabad-I","Tariq Mehmood Bajwa","Pakistan Peoples Party Parliamentarians","Lietutant Col (R)Ghulam Rasul Sahi.","Pakistan Muslim League (Q)","9.9","58.86013054","Pakistan Peoples Party Parliamentarians","Pakistan Muslim League (Q)"
2008,"NA-76","76","?NA-76 Faisalabad-II","Malik Nawab Sher Waseer","Pakistan Peoples Party Parliamentarians","Zahid Nazir","Pakistan Muslim League (Q)","1.5","56.12945829","Pakistan Peoples Party Parliamentarians","Pakistan Muslim League (Q)"
2008,"NA-78","78","?NA-78 Faisalabad-IV","Raheela Perveen","Pakistan Peoples Party Parliamentarians","Mian Rajab Ali Khan Baloch.","Pakistan Muslim League (Q)","13.5","53.80115889","Pakistan Peoples Party Parliamentarians","Pakistan Muslim League (Q)"
2008,"NA-79","79","?NA-79 Faisalabad-V","Rana Muhammad Farooq Saeed Khan","Independent","Muhammad Safdar Shakir.","Pakistan Muslim League (Q)","18.8","56.56506724","Independent","Pakistan Muslim League (Q)"
2008,"NA-81","81","?NA-81 Faisalabad-VII","Saeed Iqbal.","Pakistan Peoples Party Parliamentarians","Doctor Nisar Ahmad Jat.","Pakistan Muslim League (Q)","6.5","58.66452679","Pakistan Peoples Party Parliamentarians","Pakistan Muslim League (Q)"
2008,"NA-82","82","?NA-82 Faisalabad-VIII","Sahibzada Haji Muhammad Fazal-e-Kareem.","Pakistan Muslim League (N)","Aezid Mahmood Khan.","Pakistan Peoples Party Parliamentarians","5.8","47.03989749","Pakistan Muslim League (N)","Pakistan Peoples Party Parliamentarians"
2008,"NA-83","83","?NA-83 Faisalabad-IX","Muhammad Ijaz Virk Advocate.","Pakistan Peoples Party Parliamentarians","Mian Abdul Mannan.","Pakistan Muslim League (N)","0.7","45.96117801","Pakistan Peoples Party Parliamentarians","Pakistan Muslim League (N)"
2008,"NA-84","84","?NA-84 Faisalabad-X","Abid Ali.","Pakistan Muslim League (N)","Mehar Abdul Rashid.","Pakistan Peoples Party Parliamentarians","18.6","45.66042880","Pakistan Muslim League (N)","Pakistan Peoples Party Parliamentarians"
2008,"NA-85","85","?NA-85 Faisalabad-XI","Haji Muhammad Akram Ansari","Pakistan Muslim League (N)","Shakeel Ahmed.","Pakistan Peoples Party Parliamentarians","19.4","46.45692957","Pakistan Muslim League (N)","Pakistan Peoples Party Parliamentarians"
2008,"NA-86","86","?NA-86 Jhang-I","Syed Anayat Ali Shah","Pakistan Peoples Party Parliamentarians","Muhammad Tahir Shah","Pakistan Muslim League (Q)","12.1","45.14385972","Pakistan Peoples Party Parliamentarians","Pakistan Muslim League (Q)"
2008,"NA-90","90","?NA-90 Jhang-V","Saima Akhtar Bharwana","Independent","Sahibzada Muhammad Nazir Sultan","Pakistan Muslim League (Q)","4.9","49.44481566","Independent","Pakistan Muslim League (Q)"
2008,"NA-93","93","?NA-93 Toba Tek Singh-II","Muhammad Junaid Anwaar Chudhary","Pakistan Muslim League (N)","Mian Muhammad Kashif Ashfaq","Pakistan Muslim League (Q)","11.3","60.47003745","Pakistan Muslim League (N)","Pakistan Muslim League (Q)"
2008,"NA-95","95","?NA-95 Gujranw","Usman Ibrahim","Pakistan Muslim League (N)","Ch. Zeshan Ilyas","Pakistan Peoples Party Parliamentarians","7.0","33.45187718","Pakistan Muslim League (N)","Pakistan Peoples Party Parliamentarians"
2008,"NA-96","96","?NA-96 Gujranwala-II","Engineer Khuram Dastgir Khan","Pakistan Muslim League (N)","Khawaja Muhammad Saleh","Pakistan Peoples Party Parliamentarians","28.4","29.71717523","Pakistan Muslim League (N)","Pakistan Peoples Party Parliamentarians"
2008,"NA-97","97","?NA-97 Gujranwala-III","Ch. Mehmood Bashir Virk","Pakistan Muslim League (N)","Dr. Zafar Chaudhary","Pakistan Peoples Party Parliamentarians","6.1","34.00102797","Pakistan Muslim League (N)","Pakistan Peoples Party Parliamentarians"
2008,"NA-98","98","NA-98 Gujranwala-IV","Imtiaz Safdar Warraich","Pakistan Peoples Party Parliamentarians","Asif Aqeel","Pakistan Muslim League (N)","14.3","40.90651358","Pakistan Peoples Party Parliamentarians","Pakistan Muslim League (N)"
2008,"NA-99","99","?NA-99 Gujranwala-V","Rana Nazir Ahmad Khan","Pakistan Muslim League (N)","Ch. Muhammad Abdullah Virk","Pakistan Peoples Party Parliamentarians","10.4","43.79571647","Pakistan Muslim League (N)","Pakistan Peoples Party Parliamentarians"
2008,"NA-100","100","NA-100 Gujranwala-VI","Haji Mudassar Qayyum Nahra","Independent","Ch. Bilal Ijaz","Pakistan Muslim League (Q)","2.6","48.05504504","Independent","Pakistan Muslim League (Q)"
2008,"NA-101","101","?NA-101 Gujranwala-VII","Justice(R) Iftikhar Ahmad Cheema","Pakistan Muslim League (N)","Hamid Nasir Chatha","Pakistan Muslim League (Q)","13.9","43.93125728","Pakistan Muslim League (N)","Pakistan Muslim League (Q)"
2008,"NA-102","102","?NA-102 Hafizabad-I","Saira Afzal Tarar","Pakistan Muslim League (N)","Ch Shoukat Ali Bhatti","Pakistan Muslim League (Q)","10.8","61.19941949","Pakistan Muslim League (N)","Pakistan Muslim League (Q)"
2008,"NA-105","105","?NA-105 Gujrat-II","Ch. Ahmed Mukhtar","Pakistan Peoples Party Parliamentarians","Ch. Shujaat Hussain","Pakistan Muslim League (Q)","9.3","45.08052189","Pakistan Peoples Party Parliamentarians","Pakistan Muslim League (Q)"
2008,"NA-106","106","?NA-106 Gujrat-III","Qamar Zaman Kaira","Pakistan Peoples Party Parliamentarians","Syed Noor-ul-Hassan Shah","Pakistan Muslim League (Q)","10.4","55.50091527","Pakistan Peoples Party Parliamentarians","Pakistan Muslim League (Q)"
2008,"NA-107","107","?NA-107 Gujrat-IV","Muhammad Jamil Malik","Pakistan Muslim League (N)","Rehman Naseer Ch.","Pakistan Muslim League (Q)","3.6","52.82442796","Pakistan Muslim League (N)","Pakistan Muslim League (Q)"
2008,"NA-108","108","?NA-108 Mandi Bhauddin","Muhammad Tariq Tarar","Pakistan Peoples Party Parliamentarians","Ijaz Ahmed Chaudhary","Pakistan Muslim League (N)","3.3","55.43847110","Pakistan Peoples Party Parliamentarians","Pakistan Muslim League (N)"
2008,"NA-109","109","?NA-109 Mandi Bahauddin-II","Nazar Muhammad Gondal","Pakistan Peoples Party Parliamentarians","Nasir Iqbal Busal","Pakistan Muslim League (Q)","3.9","54.76302629","Pakistan Peoples Party Parliamentarians","Pakistan Muslim League (Q)"
2008,"NA-110","110","?NA-110 Sialkot-I","Khawaja Muhammad Asif.","Pakistan Muslim League (N)","Zahid Pervaiz alias Zahid Bashir.","Pakistan Peoples Party Parliamentarians","34.6","42.80190891","Pakistan Muslim League (N)","Pakistan Peoples Party Parliamentarians"
2008,"NA-111","111","?NA-111 Sialkot-II","Dr. Fardos Ashiq Awan.","Pakistan Peoples Party Parliamentarians","Ch.Amir Hussain.","Pakistan Muslim League (Q)","19.0","55.71983803","Pakistan Peoples Party Parliamentarians","Pakistan Muslim League (Q)"
2008,"NA-112","112","?NA-112 Sialkot-III","Rana Abdul Sattar Bin Rana Shamim Ahmed Khan","Pakistan Muslim League (N)","Ch.Shujat Hussain","Pakistan Muslim League (Q)","29.2","56.01058984","Pakistan Muslim League (N)","Pakistan Muslim League (Q)"
2008,"NA-113","113","?NA-113 Sialkot-IV","Sahabzada Syed Murtaza Amin","Pakistan Muslim League (N)","Ali Asjad Malhi","Pakistan Muslim League (Q)","23.9","55.22576495","Pakistan Muslim League (N)","Pakistan Muslim League (Q)"
2008,"NA-114","114","?NA-114 Sialkot-V","Zahid Hamid","Pakistan Muslim League (N)","Ch: Abdul Sattar","Pakistan Muslim League (Q)","3.3","59.34171426","Pakistan Muslim League (N)","Pakistan Muslim League (Q)"
2008,"NA-115","115","?NA-115 Narowal-I","Sumaira Naz","Pakistan Muslim League (N)","Muhammad Naseer Khan","Pakistan Muslim League (Q)","17.0","56.83195851","Pakistan Muslim League (N)","Pakistan Muslim League (Q)"
2008,"NA-116","116","?NA-116 Narowal-II","Ch.Muhammd Tariq Anees","Independent","Daniyal Aziz","Pakistan Muslim League (Q)","6.6","53.73806433","Independent","Pakistan Muslim League (Q)"
2008,"NA-117","117","?NA-117 Narowal-III","Ahsan Iqbal","Pakistan Muslim League (N)","Rifat Javed Kahloon","Pakistan Muslim League (Q)","25.8","55.30228506","Pakistan Muslim League (N)","Pakistan Muslim League (Q)"
2008,"NA-118","118","?NA-118 Lahore-I","Muhammad Riaz","Pakistan Muslim League (N)","Syed Asif Hashmi","Pakistan Peoples Party Parliamentarians","33.0","37.71975284","Pakistan Muslim League (N)","Pakistan Peoples Party Parliamentarians"
2008,"NA-119","119","?NA-119 Lahore -II","Muhammad Hamza Shehbaz Sharif","Pakistan Muslim League (N)","","","","37.71975284","Pakistan Muslim League (N)","Other"
2008,"NA-120","120","?NA-120 Lahore-III","Bilal Yaseen","Pakistan Muslim League (N)","Jahangir Badar","Pakistan Peoples Party Parliamentarians","42.7","36.28161399","Pakistan Muslim League (N)","Pakistan Peoples Party Parliamentarians"
2008,"NA-121","121","?NA-121 Lahore-IV","Mian Margoob Ahmad","Pakistan Muslim League (N)","Aurangzeb Shaafi Burki","Pakistan Peoples Party Parliamentarians","40.2","36.29203650","Pakistan Muslim League (N)","Pakistan Peoples Party Parliamentarians"
2008,"NA-122","122","?NA-122 Lahore-V","Sardar Ayaz Sadiq","Pakistan Muslim League (N)","Mian Omer Misbah-ul-Rehman","Pakistan Peoples Party Parliamentarians","46.2","35.61218054","Pakistan Muslim League (N)","Pakistan Peoples Party Parliamentarians"
2008,"NA-123","123","?NA-123 Lahore-VI","Makhdoom Muhammad Javed Hashmi","Pakistan Muslim League (N)","Mian Aziz-ur-Rehman Chan","Independent","50.1","33.80589216","Pakistan Muslim League (N)","Independent"
2008,"NA-124","124","?NA-124 Lahore-VII","Sheikh Rohale Asghar","Pakistan Muslim League (N)","Ayaz Imran","Pakistan Peoples Party Parliamentarians","44.2","39.35044632","Pakistan Muslim League (N)","Pakistan Peoples Party Parliamentarians"
2008,"NA-125","125","?NA-125 Lahore-VIII","Khawaja Saad Rafique","Pakistan Muslim League (N)","Muhammad Naveed Ch.","Pakistan Peoples Party Parliamentarians","41.3","35.85639083","Pakistan Muslim League (N)","Pakistan Peoples Party Parliamentarians"
2008,"NA-126","126","?NA-126 Lahore-IX","Umer Sohail Zia Butt","Pakistan Muslim League (N)","Syed Hasnat Ahmed","Pakistan Peoples Party Parliamentarians","37.0","33.53834540","Pakistan Muslim League (N)","Pakistan Peoples Party Parliamentarians"
2008,"NA-127","127","?NA-127 Lahore-X","Chaudhry Naseer Ahmed Bhutta","Pakistan Muslim League (N)","Dr. Muhammad Riaz","Pakistan Peoples Party Parliamentarians","33.8","33.82184320","Pakistan Muslim League (N)","Pakistan Peoples Party Parliamentarians"
2008,"NA-128","128","?NA-128 Lahore-XI","Malik Muhammad Afzal Khokhar","Pakistan Muslim League (N)","Malik Karamat Ali Khokhar","Pakistan Peoples Party Parliamentarians","22.4","45.54632411","Pakistan Muslim League (N)","Pakistan Peoples Party Parliamentarians"
2008,"NA-129","129","?NA-129 Lahore-XII","Tariq Shabbir Advocate","Pakistan Peoples Party Parliamentarians","Maj.(R) Habib Ullah Warraich","Pakistan Muslim League (Q)","7.8","47.85328589","Pakistan Peoples Party Parliamentarians","Pakistan Muslim League (Q)"
2008,"NA-130","130","?NA-130 Lahore-XIII","Samina Khalid Ghurki","Pakistan Peoples Party Parliamentarians","Sadia Shabir","Pakistan Muslim League (N)","3.7","43.62837912","Pakistan Peoples Party Parliamentarians","Pakistan Muslim League (N)"
2008,"NA-131","131","?NA-131 Sheikhupura-I","Rana Tanveer Hussain","Pakistan Muslim League (N)","Brgd(R) Zulfiqar Ahmad Dhillon","Pakistan Muslim League (Q)","8.1","55.35264020","Pakistan Muslim League (N)","Pakistan Muslim League (Q)"
2008,"NA-132","132","NA-132 Sheikhupura-Cum-Nankana Sahib-I (Old Sheikhupura-II)","Rana Tanveer Hussain","Pakistan Muslim League (N)","Syed Gayoor Abbas Bukhari.","Pakistan Peoples Party Parliamentarians","12.5","49.33784214","Pakistan Muslim League (N)","Pakistan Peoples Party Parliamentarians"
2008,"NA-133","133","?NA-133 Sheikhupura-II (Old Sheikhupura-III)","Mian Javed Latif","Pakistan Muslim League (N)","Ch.Muhammad Saeed Virk","Pakistan Muslim League (Q)","16.5","45.72617162","Pakistan Muslim League (N)","Pakistan Muslim League (Q)"
2008,"NA-134","134","?NA-134 Sheikhupura-Cum-Nankana Sahib-II (Old Sheikhupura-IV)","Sardar Muhammad Irfan Dogar","Pakistan Muslim League (N)","Khurram Munawar Manj","Pakistan Muslim League (Q)","13.9","51.62561907","Pakistan Muslim League (N)","Pakistan Muslim League (Q)"
2008,"NA-135","135","?NA-135 Nanka Sahib-I (Old Sheikhupura-V)","Choudhary Muhammad Barjees Tahir","Pakistan Muslim League (N)","Rai Ijaz Ahmad Khan","Pakistan Peoples Party Parliamentarians","3.3","54.79908601","Pakistan Muslim League (N)","Pakistan Peoples Party Parliamentarians"
2008,"NA-136","136","?NA-136 Nankana Sahib-cum- Sheikhupura (Old Sheikhupura-VI)","Ch.Bilal Ahmed Virk","Pakistan Muslim League (N)","Peer Tariq Ahmed Shah","Pakistan Muslim League (Q)","8.5","54.95194298","Pakistan Muslim League (N)","Pakistan Muslim League (Q)"
2008,"NA-137","137","?NA-137 Nankana Sahib-II (Old Sheikhupura-VII)","Saeed Ahmed Zafar","Independent","Rai Mansab Ali Khan","Pakistan Muslim League (N)","7.7","55.68022201","Independent","Pakistan Muslim League (N)"
2008,"NA-138","138","?NA-138 Kasur-I","Rao Mazhar Hayyat Khan","Pakistan Muslim League (N)","Sardar Tofail Ahmed Khan","Pakistan Muslim League (Q)","13.8","58.61030699","Pakistan Muslim League (N)","Pakistan Muslim League (Q)"
2008,"NA-139","139","?NA-139 Kasur-II","Waseem Akhtar Sheikh","Pakistan Muslim League (N)","Ch. Manzoor Ahmad","Pakistan Peoples Party Parliamentarians","6.1","50.68295800","Pakistan Muslim League (N)","Pakistan Peoples Party Parliamentarians"
2008,"NA-140","140","?NA-140 Kasur-III","Sardar Asif Ahmad Ali","Pakistan Peoples Party Parliamentarians","Mian Khursheed Mehmood Kasuri","Pakistan Muslim League (Q)","7.3","56.63886550","Pakistan Peoples Party Parliamentarians","Pakistan Muslim League (Q)"
2008,"NA-141","141","?NA-141 Kasur-IV","Rana Muhammad Ishaq Khan","Pakistan Muslim League (N)","Sardar Muhammad Asif Nakai","Pakistan Muslim League (Q)","10.9","52.45448829","Pakistan Muslim League (N)","Pakistan Muslim League (Q)"
2008,"NA-143","143","?NA-143 Okara-I","Capt.(Rtd) Rai Ghulam Mujtaba Kharral","Pakistan Peoples Party Parliamentarians","Muhammad Aslam Khan Kharral","Pakistan Muslim League (Q)","15.7","45.88858755","Pakistan Peoples Party Parliamentarians","Pakistan Muslim League (Q)"
2008,"NA-144","144","?NA-144 Okara-II","Sajjad Ul Hassan","Independent","Rao Sikandar Iqbal","Pakistan Muslim League (Q)","36.2","40.49754774","Independent","Pakistan Muslim League (Q)"
2008,"NA-145","145","?NA-145 Okara-III","Syed Sumsan Ali Shah Bukhari","Pakistan Peoples Party Parliamentarians","Syed Gulzar Sabtain Shah","Pakistan Muslim League (Q)","16.3","46.59238930","Pakistan Peoples Party Parliamentarians","Pakistan Muslim League (Q)"
2008,"NA-146","146","?NA-146 Okara-IV","Mian Manzoor Ahmad Khan Wattoo","Independent","Rao Muhammad Ajmal Khan","Pakistan Muslim League (Q)","0.7","44.74749579","Independent","Pakistan Muslim League (Q)"
2008,"NA-147","147","?NA-147 Okara-V","Mian Manzoor Ahmad Khan Wattoo","Independent","Syed Raza Ali Gillani","Independent","36.5","45.50110893","Independent","Independent"
2008,"NA-148","148","?NA-148 Multan-I","Makhdoom Shah Mehmood Qureshi","Pakistan Peoples Party Parliamentarians","Rai Mansab Ali","Pakistan Muslim League (Q)","28.8","43.64388105","Pakistan Peoples Party Parliamentarians","Pakistan Muslim League (Q)"
2008,"NA-149","149","?NA-149 Multan-II","Makhdoom Muhammad Javed Hashmi","Pakistan Muslim League (N)","Malik Salah-ud-Din Dogar","Pakistan Peoples Party Parliamentarians","19.5","30.31716571","Pakistan Muslim League (N)","Pakistan Peoples Party Parliamentarians"
2008,"NA-150","150","?NA-150 Multan-III","Rana Mahmood-ul-Hassan","Pakistan Muslim League (N)","Syed Abdul Qadir Gillani","Pakistan Peoples Party Parliamentarians","11.3","32.07103225","Pakistan Muslim League (N)","Pakistan Peoples Party Parliamentarians"
2008,"NA-151","151","?NA-151 Multan-IV","Syed Yousaf Raza Gillani","Pakistan Peoples Party Parliamentarians","Sikandar Hayat Khan Bossan","Pakistan Muslim League (Q)","21.9","41.48228954","Pakistan Peoples Party Parliamentarians","Pakistan Muslim League (Q)"
2008,"NA-152","152","?NA-152 Multan-V","Liaqat Ali Khan","Pakistan Peoples Party Parliamentarians","Syed Mujahid Ali Shah","Pakistan Muslim League (Q)","7.0","41.27278408","Pakistan Peoples Party Parliamentarians","Pakistan Muslim League (Q)"
2008,"NA-155","155","?NA-155 Lodhran-II","Hayat Ullah Khan Tareen","Pakistan Peoples Party Parliamentarians","Muhammad Akhtar Khan Kanjoo","Pakistan Muslim League (N)","5.0","65.27964650","Pakistan Peoples Party Parliamentarians","Pakistan Muslim League (N)"
2008,"NA-159","159","?NA-159 Khanewal-IV","Ch. Iftikhar Nazir","Pakistan Peoples Party Parliamentarians","Malik Ghulam Murtaza Maitla","Pakistan Muslim League (Q)","10.8","62.61184920","Pakistan Peoples Party Parliamentarians","Pakistan Muslim League (Q)"
2008,"NA-160","160","?NA-160 Sahiwal-I","Syed Imran Ahmed Shah","Pakistan Muslim League (N)","Ch.Nauraiz Shakoor Khan","Pakistan Muslim League (Q)","22.1","51.44042193","Pakistan Muslim League (N)","Pakistan Muslim League (Q)"
2008,"NA-161","161","?NA-161 Sahiwal-II","Ghulam Farid Kathia","Pakistan Peoples Party Parliamentarians","Ch.Muhammad Ashraf","Pakistan Democratic Party","4.3","57.09229455","Pakistan Peoples Party Parliamentarians","Other"
2008,"NA-162","162","?NA-162 Sahiwal-III","Ch.Zahid Iqbal","Pakistan Peoples Party Parliamentarians","Rai Aziz Ullah Khan","Independent","3.6","57.61775511","Pakistan Peoples Party Parliamentarians","Independent"
2008,"NA-164","164","?NA-164 Pakpattan-I","Sardar Mansab Ali Doggar","Pakistan Muslim League (N)","Pir Muhammad Shah Khagga","Pakistan Muslim League (Q)","1.2","58.53013686","Pakistan Muslim League (N)","Pakistan Muslim League (Q)"
2008,"NA-165","165","?NA-165 Pakpattan-II","Syed Muhammad Salman Mohsin Gillani","Pakistan Muslim League (N)","Mian Ahmad Raza Khan Maneka","Pakistan Muslim League (Q)","24.7","54.64470089","Pakistan Muslim League (N)","Pakistan Muslim League (Q)"
2008,"NA-166","166","?NA-166 Pakpattan-III","Rana Zahid Hussain Khan","Pakistan Muslim League (N)","Dr.Junaid Mumtaz Joya","Pakistan Muslim League (Q)","18.4","57.91689606","Pakistan Muslim League (N)","Pakistan Muslim League (Q)"
2008,"NA-168","168","?NA-168 Vehari-II","Azeem Daultana","Pakistan Peoples Party Parliamentarians","Ishaq Khan Khakwani","Pakistan Muslim League (Q)","0.9","49.09928019","Pakistan Peoples Party Parliamentarians","Pakistan Muslim League (Q)"
2008,"NA-169","169","?NA-169 Vehari-III","Tehmina Daultana","Pakistan Muslim League (N)","Khan Aftab Ahmad Khan Khichi","Pakistan Muslim League (Q)","2.0","48.23521712","Pakistan Muslim League (N)","Pakistan Muslim League (Q)"
2008,"NA-170","170","?NA-170 Vehari-IV","Mehmood Hayat Khan alias Tochi Khan","Pakistan Peoples Party Parliamentarians","Aurangzaib Khan Khichi","Pakistan Muslim League (Q)","19.0","48.56327093","Pakistan Peoples Party Parliamentarians","Pakistan Muslim League (Q)"
2008,"NA-173","173","?NA-173 Dera Ghazi Khan-III","Sardar Muhammad Saif-ul-Din Khan Khosa","Pakistan Muslim League (N)","Sardar Awais Ahmad Khan Leghari","Pakistan Muslim League (Q)","0.3","41.89984083","Pakistan Muslim League (N)","Pakistan Muslim League (Q)"
2008,"NA-175","175","?NA-175 Rajanpur-II","Meer Dost Muhammad Mazari","Pakistan Peoples Party Parliamentarians","Sardar Nasrullh Khan Dreshak.","Pakistan Muslim League (Q)","23.4","48.28447777","Pakistan Peoples Party Parliamentarians","Pakistan Muslim League (Q)"
2008,"NA-176","176","?NA-176 Muzaffargarh-I","Muhammad Mohsin Ali Qureshi","Pakistan Peoples Party Parliamentarians","Malik Ghulam Qasim Hinjra","Pakistan Muslim League (Q)","2.8","53.37744252","Pakistan Peoples Party Parliamentarians","Pakistan Muslim League (Q)"
2008,"NA-177","177","?NA-177 Muzaffargarh-II","Hina Rabbani Khar","Pakistan Peoples Party Parliamentarians","Khalid Ahmad Gurmani","Pakistan Muslim League (Q)","23.2","57.05730399","Pakistan Peoples Party Parliamentarians","Pakistan Muslim League (Q)"
2008,"NA-178","178","?NA-178 Muzaffargarh-III","Jamshed Ahmad Khan Dasti","Pakistan Peoples Party Parliamentarians","Nawab Zada Iftikhar Ahmad Khan Babar","Pakistan Muslim League (Q)","11.0","49.66249101","Pakistan Peoples Party Parliamentarians","Pakistan Muslim League (Q)"
2008,"NA-179","179","?NA-179 Muzaffargarh-IV","Muhammad Moazam Ali Khan Jatoi","Pakistan Peoples Party Parliamentarians","Makhdom Zada Syed Basit Ahmad Sultan Bukhari","Pakistan Muslim League (Q)","12.7","56.48238923","Pakistan Peoples Party Parliamentarians","Pakistan Muslim League (Q)"
2008,"NA-180","180","?NA-180 Muzaffargarh-V","Abdul Qayyum Khan Jatoi","Pakistan Peoples Party Parliamentarians","Sardar Ashiq Hussain Gopan","Pakistan Muslim League (Q)","3.7","54.31196865","Pakistan Peoples Party Parliamentarians","Pakistan Muslim League (Q)"
2008,"NA-182","182","?NA-182 Layyah-II","Syed Muhammad Saqlain Bukhari","Pakistan Muslim League (N)","Malik Niaz Ahmad Jakhar","Pakistan Muslim League (Q)","13.6","58.99194176","Pakistan Muslim League (N)","Pakistan Muslim League (Q)"
2008,"NA-183","183","?NA-183 Bahawalpur-I","Aarif Aziz Sheikh","Pakistan Peoples Party Parliamentarians","Mukhdoom Syed Sami-ul-Hassan Gilani","Pakistan Muslim League (Q)","27.1","37.13341293","Pakistan Peoples Party Parliamentarians","Pakistan Muslim League (Q)"
2008,"NA-184","184","?NA-184 Bahawalpur-II","Malik Aamir Yar Warn","Independent","Mian Najeeb ud Din Awasi","Pakistan Muslim League (Q)","15.1","42.87535644","Independent","Pakistan Muslim League (Q)"
2008,"NA-185","185","?NA-185 Bahawalpur-III","Muhammad Baleegh-ur-Rehman","Pakistan Muslim League (N)","Muhammad Farooq Azam Malik","Pakistan Peoples Party Parliamentarians","5.7","33.97418133","Pakistan Muslim League (N)","Pakistan Peoples Party Parliamentarians"
2008,"NA-187","187","?NA-187 Bahawalpur-V","Ch. Saud Majeed","Pakistan Muslim League (N)","Ch.Pervaiz Elahi","Pakistan Muslim League (Q)","12.0","46.79381213","Pakistan Muslim League (N)","Pakistan Muslim League (Q)"
2008,"NA-194","194","?NA-194 Rahimyar Khan-III","Makhdoom Shahab-ud-Din","Pakistan Peoples Party Parliamentarians","Makhdoom Khusru Bakhtiar","Pakistan Muslim League (Q)","12.1","39.90516896","Pakistan Peoples Party Parliamentarians","Pakistan Muslim League (Q)"
2008,"NA-195","195","?NA-195 Rahimyar Khan-IV","Jahangir Khan Tareen","Pakistan Muslim League (F)","Makhdoom Amad-ud-Din","Pakistan Peoples Party Parliamentarians","26.6","43.26221023","Other","Pakistan Peoples Party Parliamentarians"
2008,"NA-196","196","?NA-196 Rahimyar Khan-V","Javed Iqbal Warraich","Pakistan Peoples Party Parliamentarians","Mian Imtiaz Ahmad","Independent","3.4","41.15255025","Pakistan Peoples Party Parliamentarians","Independent"
2008,"NA-197","197","?NA-197 Rahimyar Khan-VI","Sardar Muhammad Arshad Khan Laghari","Pakistan Muslim League (N)","Rais Munir Ahmad","Pakistan Muslim League (Q)","19.6","41.47918826","Pakistan Muslim League (N)","Pakistan Muslim League (Q)"
2008,"NA-198","198","?NA-198 Sukkur cum Shikarpur(I) (Old Sukkur-I)","Nauman Islam Shaikh.","Pakistan Peoples Party Parliamentarians","Tahir Hussain Shah.","Pakistan Muslim League (Q)","46.5","41.62522172","Pakistan Peoples Party Parliamentarians","Pakistan Muslim League (Q)"
2008,"NA-199","199","?NA-199 Sukkur cum Shikarpur(II) (Old Sukkur-II)","Syed Khursheed Ahmed Shah","Pakistan Peoples Party Parliamentarians","Taj Mohammad Shaikh","Pakistan Muslim League (Q)","45.2","48.66540606","Pakistan Peoples Party Parliamentarians","Pakistan Muslim League (Q)"
2008,"NA-200","200","?NA-200 Ghotki-I","Mian Abdul Haq alias Mian Mitho","Pakistan Peoples Party Parliamentarians","Khalid Ahmed Khan Lund","Pakistan Muslim League (Q)","5.9","50.51441580","Pakistan Peoples Party Parliamentarians","Pakistan Muslim League (Q)"
2008,"NA-201","201","?NA-201 Ghotki-II","Ali Mohammad Khan Mahar","Independent","Sardar Ahmed Khan alias Fayyaz Ali Khan","Pakistan Peoples Party Parliamentarians","17.4","46.59694773","Independent","Pakistan Peoples Party Parliamentarians"
2008,"NA-202","202","NA-202 Shikarpur (Old Shikarpur-I)","Aftab Shahban Mirani","Pakistan Peoples Party Parliamentarians","Muhammad Ibrahim Jatoi","National Peoples Party","7.5","38.62371027","Pakistan Peoples Party Parliamentarians","Other"
2008,"NA-204","204","?NA-204 Larkana (Old Larkana I)","Mr. Shahid Hussain Bhutto","Pakistan Peoples Party Parliamentarians","Muhtarma Ghanwa Bhutto","Pakistan Peoples Party (Shaheed Bhutto)","69.5","26.60716004","Pakistan Peoples Party Parliamentarians","Other"
2008,"NA-206","206","?NA-206 Kamber Shahdadkot (Old Larkana III)","Nawabzada Mir Amir Ali Khan Magsi","Pakistan Peoples Party Parliamentarians","Nawabzada Sardar Khan Chandio","Pakistan Muslim League (Q)","33.5","52.13344355","Pakistan Peoples Party Parliamentarians","Pakistan Muslim League (Q)"
2008,"NA-207","207","?NA-207 Larkana-Cum-Shikepur-Cum-Kambar Shahdadkot (Old Larkana-IV)","Mrs.Faryal Talpur","Pakistan Peoples Party Parliamentarians","","","","52.13344355","Pakistan Peoples Party Parliamentarians","Other"
2008,"NA-208","208","?NA-208 Jacobabad (Old Jacobabad-I)","Mir Aijaz Hussain Jakhrani","Pakistan Peoples Party Parliamentarians","Fahad Malik","Pakistan Muslim League (Q)","47.3","28.27726389","Pakistan Peoples Party Parliamentarians","Pakistan Muslim League (Q)"
2008,"NA-209","209","?NA-209 Jacobabad-cum-Kashmore (Old Jacobabad-II).","Mir Hazar Khan Bijarani.","Pakistan Peoples Party Parliamentarians","Mufti Ali Hassan Buriro.","Mutthida Majlis-e-Amal Pakistan (MMA)","74.4","47.12520567","Pakistan Peoples Party Parliamentarians","Mutthida Majlis-e-Amal Pakistan (MMA)"
2008,"NA-211","211","?NA-211 Naushero Feroze-I","Ghulam Murtaza Khan Jatoi","National Peoples Party","Zulfiqar Ali Behan","Pakistan Peoples Party Parliamentarians","32.8","44.06172904","Other","Pakistan Peoples Party Parliamentarians"
2008,"NA-212","212","?NA-212 Naushero Feroze-II","Syed Zaffar Ali Shah","Pakistan Peoples Party Parliamentarians","Sayed Murad Ali Shah","Pakistan Muslim League (Q)","31.9","43.04755885","Pakistan Peoples Party Parliamentarians","Pakistan Muslim League (Q)"
2008,"NA-213","213","?NA-213 Nawabshah-I","Dr. Azra Fazal Pecheho","Pakistan Peoples Party Parliamentarians","Syed Zahid Hussain Shah","Pakistan Muslim League (F)","36.7","47.67700126","Pakistan Peoples Party Parliamentarians","Other"
2008,"NA-214","214","?NA-214 Nawabshah-II","Syed Ghulam Mustafa Shah S/o Syed Sabbir Ahmed Shah","Pakistan Peoples Party Parliamentarians","Khan Muhammad Dhari","Pakistan Muslim League (Q)","25.1","48.01186001","Pakistan Peoples Party Parliamentarians","Pakistan Muslim League (Q)"
2008,"NA-215","215","?NA-215 Khairpur-I","Nawab Ali Wassan","Pakistan Peoples Party Parliamentarians","Syed Javed Ali Shah","Pakistan Muslim League (F)","45.1","38.64129456","Pakistan Peoples Party Parliamentarians","Other"
2008,"NA-216","216","?NA-216 Khairpur-II","Pir Syed Saddaruddin Shah Rashdi","Pakistan Muslim League (F)","Sajid Ali Banbhan","Pakistan Peoples Party Parliamentarians","10.0","47.62362240","Other","Pakistan Peoples Party Parliamentarians"
2008,"NA-217","217","?NA-217 Khairpur-III","Pir Syed Fazal Ali Shah Jeelani","Pakistan Peoples Party Parliamentarians","Syed Kazim Ali Shah Lakyari","Pakistan Muslim League (F)","18.8","39.45150031","Pakistan Peoples Party Parliamentarians","Other"
2008,"NA-218","218","?NA-218 Matiari-cum-Hyderabad (Old Hyderabad-I)","Mr. Makhdoom Muhammad Ameen Faheem","Pakistan Peoples Party Parliamentarians","Mr. Makhdoom Shah Nawaz Qureshi","Pakistan Muslim League (N)","54.6","49.35386734","Pakistan Peoples Party Parliamentarians","Pakistan Muslim League (N)"
2008,"NA-219","219","?NA-219 Hyderabad-I (Old Hyderabad-II)","Syed Tayyab Hussain","Muttahida Qaumi Movement Pakistan","Ali Muhammad Sehto","Pakistan Peoples Party Parliamentarians","72.2","56.17432451","Muttahida Qaumi Movement Pakistan","Pakistan Peoples Party Parliamentarians"
2008,"NA-220","220","?NA-220 Hyderabad-II (Old Hyderabad-III)","Salahuddin","Muttahida Qaumi Movement Pakistan","Irfan Qureshi","Pakistan Peoples Party Parliamentarians","69.6","48.26104299","Muttahida Qaumi Movement Pakistan","Pakistan Peoples Party Parliamentarians"
2008,"NA-221","221","?NA-221 Hyderabad-cum-Matiari (Old Hyderabad-IV)","Syed Ameer Ali Shah Jamot","Pakistan Peoples Party Parliamentarians","Hussaini Shahabuddin Shah","Pakistan Muslim League (Q)","76.1","37.03428358","Pakistan Peoples Party Parliamentarians","Pakistan Muslim League (Q)"
2008,"NA-222","222","?NA-222 Tando Muhammad Khan-cum-Hyderabad-cum-Badin (Old Hyderabad-V)","Syed Naveed Qamar","Pakistan Peoples Party Parliamentarians","Pir Sajjad Saeed Jan Sirhandi","Pakistan Muslim League (Q)","49.8","36.28158449","Pakistan Peoples Party Parliamentarians","Pakistan Muslim League (Q)"
2008,"NA-223","223","?NA-223 Tando Allahyar-cum-Matiari (Old Hyderabad-VI)","Shamshad Sattar Bachani","Pakistan Peoples Party Parliamentarians","Adeeba Gul Magsi","Pakistan Muslim League (Q)","29.6","49.53685941","Pakistan Peoples Party Parliamentarians","Pakistan Muslim League (Q)"
2008,"NA-224","224","?NA-224 Badin-cum-Tando Muhammad Khan-I (Old Badin-I)","Ghulam Ali Nizamani","Pakistan Peoples Party Parliamentarians","Ali Akber Nizamani","Pakistan Muslim League (F)","35.8","34.23327839","Pakistan Peoples Party Parliamentarians","Other"
2008,"NA-225","225","?NA-225 Badin-cum-Tando Muhammad Khan-II","Dr.Fahmida Mirza","Pakistan Peoples Party Parliamentarians","Bibi Yasmeen Shah","Pakistan Muslim League (Q)","53.9","55.46770663","Pakistan Peoples Party Parliamentarians","Pakistan Muslim League (Q)"
2008,"NA-226","226","?NA-226 Mirpurkhas-cum-Umerkot(I) (Old Mirpurkhas-I)","Pir Aftab Hussain Shah Jillani","Pakistan Peoples Party Parliamentarians","Professor Khursheed Ahmed Siddiqui","Muttahida Qaumi Movement Pakistan","27.2","41.74325242","Pakistan Peoples Party Parliamentarians","Muttahida Qaumi Movement Pakistan"
2008,"NA-227","227","?NA-227 Mirpurkhas-cum-Umerkot(II) (Old Mirpurkhas-II)","Mir Munawar Ali Talpur","Pakistan Peoples Party Parliamentarians","Syed Qurban Ali Shah","Pakistan Muslim League (Q)","39.6","39.17111655","Pakistan Peoples Party Parliamentarians","Pakistan Muslim League (Q)"
2008,"NA-228","228","?NA-228 Umerkot (Old Mirpurkhas-III)","Nawab Mohammad Yousif Talpur","Pakistan Peoples Party Parliamentarians","Mohammad Qasim Soomro","Independent","32.9","49.82481417","Pakistan Peoples Party Parliamentarians","Independent"
2008,"NA-231","231","?NA-231 Jamshoro (Old Dadu-I)","Nawab Abdul Ghani Talpur","Pakistan Peoples Party Parliamentarians","Syed Jalal Mehmood Shah","Sindh United Party","56.3","37.24943207","Pakistan Peoples Party Parliamentarians","Other"
2008,"NA-232","232","?NA-232 Dadu-I (Old Dadu-II)","Rafique Ahmed Jamali","Pakistan Peoples Party Parliamentarians","Liquat Ali Khan Jatoi","Pakistan Muslim League (Q)","42.6","32.21083831","Pakistan Peoples Party Parliamentarians","Pakistan Muslim League (Q)"
2008,"NA-233","233","?NA-233 Dadu-II (Old Dadu-III)","Talat Iqbal Mahessar","Pakistan Peoples Party Parliamentarians","Ihsan Ali Jatoi","Pakistan Muslim League (Q)","24.3","31.26156106","Pakistan Peoples Party Parliamentarians","Pakistan Muslim League (Q)"
2008,"NA-234","234","?NA-234 Sanghar-I","Muhammad Jadam Mangrio","Pakistan Muslim League (F)","Ghulam Muhammad Junejo Alias Gul Junejo","Pakistan Peoples Party Parliamentarians","22.1","51.95601031","Other","Pakistan Peoples Party Parliamentarians"
2008,"NA-235","235","?NA-235 Sanghar-cum-Mirpurkhas-cum-Umerkot (Old Sanghar-II)","Ghulam Dastgir Rajar","Pakistan Muslim League (F)","Sarfaraz Rajar","Pakistan Peoples Party Parliamentarians","34.4","52.57157449","Other","Pakistan Peoples Party Parliamentarians"
2008,"NA-236","236","?NA-236 Sanghar-II (Old Sanghar-III)","Roshan Din junejo","Pakistan Peoples Party Parliamentarians","Jam Mashooque Ali","Pakistan Muslim League (F)","28.2","50.44438788","Pakistan Peoples Party Parliamentarians","Other"
2008,"NA-237","237","?NA-237 Thatta-I","Dr. Abdul Wahid Soomro","Pakistan Peoples Party Parliamentarians","Syed Riaz Hussain Shah Sheerazi","Pakistan Muslim League (Q)","19.7","34.40605719","Pakistan Peoples Party Parliamentarians","Pakistan Muslim League (Q)"
2008,"NA-239","239","?NA-239 Karachi-I","Abdul Qadir Patel","Pakistan Peoples Party Parliamentarians","Dr. K.S. Mujahid Khan Baloch","Muttahida Qaumi Movement Pakistan","29.0","36.18810439","Pakistan Peoples Party Parliamentarians","Muttahida Qaumi Movement Pakistan"
2008,"NA-240","240","?NA-240 Karachi-II","Khawaja Sohail Mansoor","Muttahida Qaumi Movement Pakistan","Abdullah Bloch","Pakistan Peoples Party Parliamentarians","5.2","46.78878748","Muttahida Qaumi Movement Pakistan","Pakistan Peoples Party Parliamentarians"
2008,"NA-241","241","?NA-241 Karachi-III","S.A.Iqbal Qadri","Muttahida Qaumi Movement Pakistan","Zarbali Syed","Awami National Party","38.9","54.85996828","Muttahida Qaumi Movement Pakistan","Awami National Party"
2008,"NA-242","242","?NA-242 Karachi-IV","Dr. Abdul Qadir Khanzada","Muttahida Qaumi Movement Pakistan","Muhammad Afaque Khan Alias Shahid","Pakistan Peoples Party Parliamentarians","67.4","60.25227241","Muttahida Qaumi Movement Pakistan","Pakistan Peoples Party Parliamentarians"
2008,"NA-243","243","?NA-243 Karachi-V","Abdul Waseem","Muttahida Qaumi Movement Pakistan","Zafar Ahmed Siddiqui Advocate","Pakistan Peoples Party Parliamentarians","75.1","58.16676168","Muttahida Qaumi Movement Pakistan","Pakistan Peoples Party Parliamentarians"
2008,"NA-244","244","?NA-244 Karachi-VI","Shaikh Salahuddin","Muttahida Qaumi Movement Pakistan","Ghulam Qadir","Pakistan Peoples Party Parliamentarians","88.1","64.31034305","Muttahida Qaumi Movement Pakistan","Pakistan Peoples Party Parliamentarians"
2008,"NA-245","245","?NA-245 Karachi-VII","Farhat Muhammad Khan","Muttahida Qaumi Movement Pakistan","Qazi Muhammad Bashir","Pakistan Peoples Party Parliamentarians","79.1","49.17646306","Muttahida Qaumi Movement Pakistan","Pakistan Peoples Party Parliamentarians"
2008,"NA-246","246","?NA-246 Karachi-VIII","Sufyan Yousuf","Muttahida Qaumi Movement Pakistan","Sohail Ansari","Pakistan Peoples Party Parliamentarians","92.1","63.07439243","Muttahida Qaumi Movement Pakistan","Pakistan Peoples Party Parliamentarians"
2008,"NA-247","247","?NA-247 Karachi-IX","Dr.Nadeem Ehsan","Muttahida Qaumi Movement Pakistan","Saathi Ishaque Advocate","Pakistan Peoples Party Parliamentarians","83.7","60.64655385","Muttahida Qaumi Movement Pakistan","Pakistan Peoples Party Parliamentarians"
2008,"NA-248","248","?NA-248 Karachi-X","Nabeel Ahmed Gabol","Pakistan Peoples Party Parliamentarians","Shakoor Shad","Independent","70.1","30.28760905","Pakistan Peoples Party Parliamentarians","Independent"
2008,"NA-249","249","?NA-249 Karachi-XI","Dr. Muhammad Farooq Sattar","Muttahida Qaumi Movement Pakistan","Abdul Habib Memon","Pakistan Peoples Party Parliamentarians","16.7","47.01300441","Muttahida Qaumi Movement Pakistan","Pakistan Peoples Party Parliamentarians"
2008,"NA-250","250","?NA-250 Karachi-XII","Mrs. Khush Bakhat Shujaat","Muttahida Qaumi Movement Pakistan","Dr. Mirza Ikhtiar Baig","Pakistan Peoples Party Parliamentarians","7.3","30.22599280","Muttahida Qaumi Movement Pakistan","Pakistan Peoples Party Parliamentarians"
2008,"NA-251","251","?NA-251 Karachi-XIII","Waseem Akhter","Muttahida Qaumi Movement Pakistan","Mushahidullah Khan","Pakistan Muslim League (N)","45.8","39.64999273","Muttahida Qaumi Movement Pakistan","Pakistan Muslim League (N)"
2008,"NA-252","252","?NA-252 Karachi-XIV","Abdul Rasheed Godil","Muttahida Qaumi Movement Pakistan","Syed Asghar Hussain","Pakistan Peoples Party Parliamentarians","52.7","42.18659719","Muttahida Qaumi Movement Pakistan","Pakistan Peoples Party Parliamentarians"
2008,"NA-253","253","?NA-253 Karachi-XV","Syed Haider Abbas Rizvi","Muttahida Qaumi Movement Pakistan","Syed Faisal Raza Abidi","Pakistan Peoples Party Parliamentarians","32.1","36.75711815","Muttahida Qaumi Movement Pakistan","Pakistan Peoples Party Parliamentarians"
2008,"NA-254","254","?NA-254 Karachi-XVI","Dr. Muhammad Ayoub Shaikh","Muttahida Qaumi Movement Pakistan","Syed Sohail Abrar","Pakistan Peoples Party Parliamentarians","76.3","50.17523308","Muttahida Qaumi Movement Pakistan","Pakistan Peoples Party Parliamentarians"
2008,"NA-255","255","?NA-255 Karachi-XVII","Syed Asif Hasnain","Muttahida Qaumi Movement Pakistan","Haji Nafees Ahmed Usmani Advocate","Pakistan Peoples Party Parliamentarians","65.9","57.46487890","Muttahida Qaumi Movement Pakistan","Pakistan Peoples Party Parliamentarians"
2008,"NA-256","256","?NA-256 Karachi-XVIII","Iqbal Muhammad Ali Khan","Muttahida Qaumi Movement Pakistan","Mirza Maqbool Ahmed","Pakistan Peoples Party Parliamentarians","60.3","44.48076514","Muttahida Qaumi Movement Pakistan","Pakistan Peoples Party Parliamentarians"
2008,"NA-257","257","?NA-257 Karachi-XIX","Sajid Ahmed","Muttahida Qaumi Movement Pakistan","Riaz Hussain Lund Balouch","Pakistan Peoples Party Parliamentarians","47.6","48.11556618","Muttahida Qaumi Movement Pakistan","Pakistan Peoples Party Parliamentarians"
2008,"NA-258","258","?NA-258 Karachi-XX","Sher Muhammad Balcoh","Pakistan Peoples Party Parliamentarians","Nisar Ahmed Shar","Muttahida Qaumi Movement Pakistan","69.7","41.03706322","Pakistan Peoples Party Parliamentarians","Muttahida Qaumi Movement Pakistan"
2008,"NA-259","259","?NA-259 Quetta","Syed Nasir Ali Shah alias Syed Abbas","Pakistan Peoples Party Parliamentarians","Anwar ul Haq alias Anno","Pakistan Muslim League (Q)","21.6","17.14868742","Pakistan Peoples Party Parliamentarians","Pakistan Muslim League (Q)"
2008,"NA-261","261","?NA-261 Pishin-cum-Ziarat","Molvi Agha Muhammad","Mutthida Majlis-e-Amal Pakistan (MMA)","Muhammad Sarwar Khan Kakar","Pakistan Muslim League (Q)","11.6","17.14868742","Mutthida Majlis-e-Amal Pakistan (MMA)","Pakistan Muslim League (Q)"
2008,"NA-262","262","?NA-262 Killa Abdullah","Haji Rozuddin","Mutthida Majlis-e-Amal Pakistan (MMA)","Malik Muhammad Usman Achakzai.","Awami National Party","0.8","35.02591651","Mutthida Majlis-e-Amal Pakistan (MMA)","Awami National Party"
2008,"NA-264","264","?NA-264 Zhob-cum-Sherani-cum-Killa Saifullah(Old Zhob-cum-Killa Saifullah)","Maulvi Asmatullah","Independent","Maulana Malik Muhammad Khan Sherani","Mutthida Majlis-e-Amal Pakistan (MMA)","11.5","27.91885935","Independent","Mutthida Majlis-e-Amal Pakistan (MMA)"
2008,"NA-266","266","?NA-266 Nasirabad-cum-Jaffarabad (Old Nasirabad)","Taj Muhammad Jamali","Pakistan Peoples Party Parliamentarians","Mir Zahoor Hussain Khan Khoso","Independent","16.4","23.35481672","Pakistan Peoples Party Parliamentarians","Independent"
2008,"NA-267","267","?NA-267 Bolan-cum-Jhal Magsi (Old Kachhi)","Mir Hamayun Aziz Kurd","Independent","Sardar Yar Muhammad Rind","Pakistan Muslim League (Q)","11.4","46.92468516","Independent","Pakistan Muslim League (Q)"
2008,"NA-268","268","?NA-268 Kalat-cum-Mastung.","Dr. Ayatullah Durrani","Pakistan Peoples Party Parliamentarians","Sardar Sanaullah Zehri.","National Party","5.4","31.06816835","Pakistan Peoples Party Parliamentarians","Other"
2008,"NA-269","269","?NA-269 Khuzdar","Muhammad Usman Advocate","Independent","Molvi Qamar-ud-Din","Mutthida Majlis-e-Amal Pakistan (MMA)","2.7","33.69435900","Independent","Mutthida Majlis-e-Amal Pakistan (MMA)"
2008,"NA-272","272","?NA-272 Kech-cum-Gwadar","Yaqoob Bizenjo.","Balochistan National Party (Awami)","Zubeda Jalal","Independent","26.0","34.07246990","Other","Independent"
2008,"NA-2","2","NA-2 PESHAWAR-II","Dr. Arbab Alamgir Khan","Pakistan Peoples Party Parliamentarians","Arbab Najeeb Ullah Khan Khalil","Awami National Party","13.3","24.86345045","Pakistan Peoples Party Parliamentarians","Awami National Party"
2008,"NA-3","3","NA-3 PESHAWAR-III","Noor Alam Khan","Pakistan Peoples Party Parliamentarians","Muhammad Hashim Babar","Awami National Party","0.9","35.60731035","Pakistan Peoples Party Parliamentarians","Awami National Party"
2008,"NA-5","5","NA-5 Nowshera-I","Engineer Muhammad Tariq Khattak","Pakistan Peoples Party Parliamentarians","Tariq Hameed Khattak","Awami National Party","2.4","36.96366752","Pakistan Peoples Party Parliamentarians","Awami National Party"
2008,"NA-205","205","?NA-205 Larkana cum-Kamber Shahdadkot (Old Larkana II)","Nazir Ahmed Bughio","Pakistan Peoples Party Parliamentarians","Altaf Hussain Unar","Pakistan Muslim League (Q)","45.3","37.52618803","Pakistan Peoples Party Parliamentarians","Pakistan Muslim League (Q)"
2008,"NA-260","260","?NA-260 Quetta-cum-Chagai-cum-Nushki (Old Quetta-cum-Chagai-cum-Mustung)","Sardar Al-Haaj Muhammad Umar","Pakistan Peoples Party Parliamentarians","Sardar Fateh Muhammad Muhammad Hassani","Pakistan Muslim League (Q)","10.8","26.27300129","Pakistan Peoples Party Parliamentarians","Pakistan Muslim League (Q)"
2008,"NA-20","20","?NA-20 Mansehra-I","Sardar Shajehan Yousaf","Pakistan Muslim League (Q)","Lt Gen(R) Salah-ud-Din Trimzi","Pakistan Muslim League (N)","0.7","36.30238460","Pakistan Muslim League (Q)","Pakistan Muslim League (N)"
2008,"NA-22","22","?NA-22 Battagram","Muhammad Nawaz Khan","Pakistan Muslim League (Q)","Qari Muhammad Yousaf","Mutthida Majlis-e-Amal Pakistan (MMA)","4.1","37.02529765","Pakistan Muslim League (Q)","Mutthida Majlis-e-Amal Pakistan (MMA)"
2008,"NA-27","27","?NA-27 Lakki Marwat","Hamayun Saifullah Khan","Pakistan Muslim League (Q)","Doctor Muhammad Khalid Raza Pir Zakori Sharif","Mutthida Majlis-e-Amal Pakistan (MMA)","7.1","47.78442799","Pakistan Muslim League (Q)","Mutthida Majlis-e-Amal Pakistan (MMA)"
2008,"NA-31","31","?NA-31 Shangla","Engineer Amir Muqam","Pakistan Muslim League (Q)","Sadeed ur Rehman","Awami National Party","15.9","26.62786771","Pakistan Muslim League (Q)","Awami National Party"
2008,"NA-32","32","?NA-32 Chitral","Shahzada Muhyuddin","Pakistan Muslim League (Q)","Sardar Muhammad Khan","Independent","2.4","45.46497345","Pakistan Muslim League (Q)","Independent"
2008,"NA-58","58","?NA-58 Attock-II","Ch.Pervaiz Ellahi","Pakistan Muslim League (Q)","Malik Sohail Khan","Pakistan Muslim League (N)","5.9","59.30357845","Pakistan Muslim League (Q)","Pakistan Muslim League (N)"
2008,"NA-65","65","?NA-65 Sargodha-II","Ch. Ghais Ahmed Mela","Pakistan Muslim League (Q)","Mahar Khliq Yar Khan Lak","Pakistan Peoples Party Parliamentarians","0.2","44.93653318","Pakistan Muslim League (Q)","Pakistan Peoples Party Parliamentarians"
2008,"NA-67","67","?NA-67 Sargodha-IV","Ch. Anwar Ali Cheema","Pakistan Muslim League (Q)","Dr.Zulfiqar Ali Bhatti","Pakistan Peoples Party Parliamentarians","9.9","46.85820637","Pakistan Muslim League (Q)","Pakistan Peoples Party Parliamentarians"
2008,"NA-69","69","?NA-69 Khushab-I","Sumaira Malik","Pakistan Muslim League (Q)","Umer Aslam Khan","Independent","0.4","59.93264926","Pakistan Muslim League (Q)","Independent"
2008,"NA-77","77","?NA-77 Faisalabad-III","Muhammad Asim Nazir","Pakistan Muslim League (Q)","Muhammad Talal Chaudhry.","Pakistan Muslim League (N)","9.9","58.96740712","Pakistan Muslim League (Q)","Pakistan Muslim League (N)"
2008,"NA-80","80","?NA-80 Faisalabad-VI","Asif Tauseef.","Pakistan Muslim League (Q)","Mian Muhammad Qasim Farooq.","Pakistan Muslim League (N)","8.3","54.85708798","Pakistan Muslim League (Q)","Pakistan Muslim League (N)"
2008,"NA-87","87","?NA-87 Jhang-II","Ghulam Bibi Bharwana","Pakistan Muslim League (Q)","Syeda Sughra Imam","Pakistan Peoples Party Parliamentarians","5.3","48.28601069","Pakistan Muslim League (Q)","Pakistan Peoples Party Parliamentarians"
2008,"NA-88","88","?NA-88 Jhang-III","Makhdoom Syed Faisal Saleh Hayat","Pakistan Muslim League (Q)","Syeda Abida Hussain","Pakistan Peoples Party Parliamentarians","9.0","45.46242317","Pakistan Muslim League (Q)","Pakistan Peoples Party Parliamentarians"
2008,"NA-89","89","?NA-89 Jhang-IV","Sheikh Waqas Akram","Pakistan Muslim League (Q)","Molana Muhammad Ahmed Ludhyanvi","Independent","5.2","41.70724455","Pakistan Muslim League (Q)","Independent"
2008,"NA-91","91","?NA-91 Jhang-VI","Muhammad Mehboob Sultan","Pakistan Muslim League (Q)","Atta Ullah Khan","Pakistan Peoples Party Parliamentarians","6.8","48.62391051","Pakistan Muslim League (Q)","Pakistan Peoples Party Parliamentarians"
2008,"NA-92","92","?NA-92 Toba Tek Singh-I","Farkhanda Amjad Warraich","Pakistan Muslim League (Q)","Hamza","Pakistan Muslim League (N)","7.3","60.43224662","Pakistan Muslim League (Q)","Pakistan Muslim League (N)"
2008,"NA-94","94","?NA-94 Toba Tek Singh-III","Riaz Fatiyana","Pakistan Muslim League (Q)","Haider Ali Khan Kharal","Pakistan Peoples Party Parliamentarians","2.2","60.52353958","Pakistan Muslim League (Q)","Pakistan Peoples Party Parliamentarians"
2008,"NA-103","103","?NA-103 Hafizabad-II","Ch Liaqat Abbas Bhatti","Pakistan Muslim League (Q)","Mian Shahid Hussain Khan","Pakistan Muslim League (N)","1.5","63.37301207","Pakistan Muslim League (Q)","Pakistan Muslim League (N)"
2008,"NA-104","104","?NA-104 Gujrat-I","Chaudhary Wajahat Hussain","Pakistan Muslim League (Q)","Nawabzada Ghazanfar Ali Gul","Pakistan Peoples Party Parliamentarians","19.0","55.86571723","Pakistan Muslim League (Q)","Pakistan Peoples Party Parliamentarians"
2008,"NA-142","142","?NA-142 Kasur-V","Sardar Talib Hassan Nakai","Pakistan Muslim League (Q)","Rana Muhammad Hayat Khan","Pakistan Muslim League (N)","1.3","54.93326946","Pakistan Muslim League (Q)","Pakistan Muslim League (N)"
2008,"NA-153","153","NA-153 Multan-VI","Dewan Syed Ashiq Hussain Bukhari","Pakistan Muslim League (Q)","Rana Muhammad Qasim Noon","Independent","0.3","46.90597589","Pakistan Muslim League (Q)","Independent"
2008,"NA-154","154","?NA-154 Lodhran-I","Muhammad Saddique Khan Baluch","Pakistan Muslim League (Q)","Mirza Muhammad Nasir Baig","Pakistan Peoples Party Parliamentarians","1.4","66.32487360","Pakistan Muslim League (Q)","Pakistan Peoples Party Parliamentarians"
2008,"NA-156","156","?NA-156 Khanewal-I","Muhammad Raza Hayat Hiraj","Pakistan Muslim League (Q)","Syed Fakhar Imam","Pakistan Peoples Party Parliamentarians","8.7","61.07689139","Pakistan Muslim League (Q)","Pakistan Peoples Party Parliamentarians"
2008,"NA-157","157","?NA-157 Khanewal-II","Hamid Yar Hiraj","Pakistan Muslim League (Q)","Muhammad Khan Daha","Pakistan Muslim League (N)","0.4","52.97394931","Pakistan Muslim League (Q)","Pakistan Muslim League (N)"
2008,"NA-158","158","NA-158 Khanewal-III","Pir Aslam Bodla","Pakistan Muslim League (Q)","Pir Haider Zaman Qureshi","Pakistan Peoples Party Parliamentarians","0.6","60.83934461","Pakistan Muslim League (Q)","Pakistan Peoples Party Parliamentarians"
2008,"NA-163","163","?NA-163 Sahiwal-IV","Malik Nauman Ahmed Langriyal","Pakistan Muslim League (Q)","Begum Shahnaz Javed","Pakistan Peoples Party Parliamentarians","1.4","61.80808108","Pakistan Muslim League (Q)","Pakistan Peoples Party Parliamentarians"
2008,"NA-167","167","?NA-167 Vehari-I","Ch. Nazir Ahmed Jatt","Pakistan Muslim League (Q)","Syed Sajid Mehdi","Independent","16.1","45.85759796","Pakistan Muslim League (Q)","Independent"
2008,"NA-171","171","?NA-171 Dera Ghazi Khan-I","Khawja Sheeraz Mehmood","Pakistan Muslim League (Q)","Amjad Farooq Khan Khosa","Independent","1.9","44.51320727","Pakistan Muslim League (Q)","Independent"
2008,"NA-172","172","?NA-172 Dera Ghazi Khan-II","Farooq Ahmed Khan Leghari","Pakistan Muslim League (Q)","Hafiz Abdul Karim","Pakistan Muslim League (N)","2.6","34.26292179","Pakistan Muslim League (Q)","Pakistan Muslim League (N)"
2008,"NA-174","174","?NA-174 Rajanpur-I","Sardar Muhammad Jafar Khan Leghari","Pakistan Muslim League (Q)","Sardar Nasrullh Khan Dreshak.","Independent","7.7","46.45012807","Pakistan Muslim League (Q)","Independent"
2008,"NA-181","181","?NA-181 Layyah-I","Sardar Bahadar Ahmad Khan Seehar","Pakistan Muslim League (Q)","Sahibzada-Faizul-Hassan","Pakistan Muslim League (N)","1.1","63.62188745","Pakistan Muslim League (Q)","Pakistan Muslim League (N)"
2008,"NA-186","186","?NA-186 Bahawalpur-IV","Mian Riaz Hussain Pirzada","Pakistan Muslim League (Q)","Syed Tasneem Nawaz Gardezi","Independent","10.1","46.69364941","Pakistan Muslim League (Q)","Independent"
2008,"NA-188","188","?NA-188 Bahawalnagar-I","Muhammad Akhtar Khadim Alias Khadim Hussain","Pakistan Muslim League (Q)","Shoukat Ali Joya Laleka","Pakistan Peoples Party Parliamentarians","5.5","54.98876804","Pakistan Muslim League (Q)","Pakistan Peoples Party Parliamentarians"
2008,"NA-203","203","?NA-203 Shikarpur-cum-Sukkur-cum-Larkana (Old Shikarpur-II)","Ghous Bux Khan Mahar","Pakistan Muslim League (Q)","Sardar Wahid Bux Bhayo","Pakistan Peoples Party Parliamentarians","38.2","56.74028453","Pakistan Muslim League (Q)","Pakistan Peoples Party Parliamentarians"
2008,"NA-210","210","?NA-210 Kashmore (Old Jacobabad-III)","Nasrullah Khan Bijarani","Pakistan Muslim League (Q)","Shaheryar Khan","Pakistan Peoples Party Parliamentarians","13.0","35.34883880","Pakistan Muslim League (Q)","Pakistan Peoples Party Parliamentarians"
2008,"NA-229","229","?NA-229 Tharparkar-I","Arbab Zakaullah","Pakistan Muslim League (Q)","Mahesh Kumar Malhani","Pakistan Peoples Party Parliamentarians","63.6","65.92709922","Pakistan Muslim League (Q)","Pakistan Peoples Party Parliamentarians"
2008,"NA-230","230","?NA-230 Tharparkar-II.","Dr. Ghulam Hyder Samejo","Pakistan Muslim League (Q)","Imam Ali Samejo","Pakistan Peoples Party Parliamentarians","41.6","66.99164404","Pakistan Muslim League (Q)","Pakistan Peoples Party Parliamentarians"
2008,"NA-238","238","?NA-238 Thatta-II","Syed Ayaz Ali Shah Sheerazi","Pakistan Muslim League (Q)","Arbab Wazir Ahmed Memon","Pakistan Peoples Party Parliamentarians","10.1","39.68313544","Pakistan Muslim League (Q)","Pakistan Peoples Party Parliamentarians"
2008,"NA-263","263","?NA-263 Loralai-cum-Musakhel-cum-Barkhan (Old Loralai)","Sardar Muhammad Israr Tareen","Pakistan Muslim League (Q)","Sardar Muhammad Yaqoob Khan Nasir","Pakistan Muslim League (N)","12.5","40.66608314","Pakistan Muslim League (Q)","Pakistan Muslim League (N)"
2008,"NA-265","265","?NA-265 Sibi-cum-Kohlu-cum-Dera Bugti-cum-Hernai(Old Sibi-cum-Kohlu-cum-Dera Bugti)","Mir Ahmadan Khan Bugti","Pakistan Muslim League (Q)","Mir Dostain Khan Domki","Independent","38.8","35.94319307","Pakistan Muslim League (Q)","Independent"
2008,"NA-270","270","?NA-270 Awaran-cum-Lasbela","Jam Mir Muhammad Yousuf","Pakistan Muslim League (Q)","Nasrullah Roonjha","Pakistan Peoples Party Parliamentarians","8.8","39.30942895","Pakistan Muslim League (Q)","Pakistan Peoples Party Parliamentarians"
2008,"NA-271","271","?NA-271 Kharan-cum-Washuk-cum-Panjgur(Old Kharan-cum-Panjgur)","Ehsanullah Reki","Pakistan Muslim League (Q)","Lt. Gen.(R) Abdul Qadir","Independent","0.9","36.57799873","Pakistan Muslim League (Q)","Independent"
